-- phpMyAdmin SQL Dump
-- version 4.5.4.1deb2ubuntu2
-- http://www.phpmyadmin.net
--
-- Host: localhost:80
-- Generation Time: Oct 29, 2016 at 03:34 PM
-- Server version: 5.7.15-0ubuntu0.16.04.1
-- PHP Version: 7.0.8-0ubuntu0.16.04.3

SET SQL_MODE = "NO_AUTO_VALUE_ON_ZERO";
SET time_zone = "+00:00";


/*!40101 SET @OLD_CHARACTER_SET_CLIENT=@@CHARACTER_SET_CLIENT */;
/*!40101 SET @OLD_CHARACTER_SET_RESULTS=@@CHARACTER_SET_RESULTS */;
/*!40101 SET @OLD_COLLATION_CONNECTION=@@COLLATION_CONNECTION */;
/*!40101 SET NAMES utf8mb4 */;

--
-- Database: `KFdev`
--

-- --------------------------------------------------------

--
-- Table structure for table `activities`
--

CREATE TABLE `activities` (
  `id` int(11) NOT NULL,
  `trackable_id` int(11) DEFAULT NULL,
  `trackable_type` varchar(255) COLLATE utf8_unicode_ci DEFAULT NULL,
  `owner_id` int(11) DEFAULT NULL,
  `owner_type` varchar(255) COLLATE utf8_unicode_ci DEFAULT NULL,
  `key` varchar(255) COLLATE utf8_unicode_ci DEFAULT NULL,
  `parameters` text COLLATE utf8_unicode_ci,
  `recipient_id` int(11) DEFAULT NULL,
  `recipient_type` varchar(255) COLLATE utf8_unicode_ci DEFAULT NULL,
  `created_at` datetime DEFAULT NULL,
  `updated_at` datetime DEFAULT NULL
) ENGINE=InnoDB DEFAULT CHARSET=utf8 COLLATE=utf8_unicode_ci;

--
-- Dumping data for table `activities`
--

INSERT INTO `activities` (`id`, `trackable_id`, `trackable_type`, `owner_id`, `owner_type`, `key`, `parameters`, `recipient_id`, `recipient_type`, `created_at`, `updated_at`) VALUES
(1, 3, 'Transaksi', 5, 'User', 'transaksi.create', NULL, 1, 'Outlet', '2016-10-10 18:54:16', '2016-10-10 18:54:16'),
(2, 4, 'Transaksi', 5, 'User', 'transaksi.create', NULL, 26, 'Outlet', '2016-10-10 23:34:07', '2016-10-10 23:34:07'),
(9, 3, 'Transaksi', 5, 'User', 'transaksi.validate_ask', NULL, 1, 'Outlet', '2016-10-11 05:12:21', '2016-10-11 05:12:21'),
(10, 3, 'Transaksi', 1, 'User', 'transaksi.validate_drop', NULL, 16, 'Outlet', '2016-10-11 05:20:46', '2016-10-11 05:20:46'),
(11, 3, 'Transaksi', 7, 'User', 'transaksi.validate_accept', NULL, 1, 'Outlet', '2016-10-11 05:21:43', '2016-10-11 05:21:43'),
(12, 3, 'Transaksi', 7, 'User', 'transaksi.validate_accept', NULL, 1, 'Outlet', '2016-10-11 12:00:26', '2016-10-11 12:00:26'),
(13, 3, 'Transaksi', 7, 'User', 'transaksi.validate_accept', NULL, 1, 'Outlet', '2016-10-11 12:03:48', '2016-10-11 12:03:48'),
(14, 2, 'Transaksi', 1, 'User', 'transaksi.validate_ask', NULL, 14, 'Outlet', '2016-10-13 15:56:40', '2016-10-13 15:56:40'),
(15, 2, 'Transaksi', 1, 'User', 'transaksi.validate_drop', NULL, 6, 'Outlet', '2016-10-13 16:01:48', '2016-10-13 16:01:48');

-- --------------------------------------------------------

--
-- Table structure for table `dosages`
--

CREATE TABLE `dosages` (
  `dosage_id` int(11) NOT NULL,
  `dosage_name` varchar(255) DEFAULT NULL,
  `dosage_judul` varchar(255) DEFAULT NULL,
  `created_at` datetime NOT NULL,
  `updated_at` datetime NOT NULL
) ENGINE=InnoDB DEFAULT CHARSET=latin1;

--
-- Dumping data for table `dosages`
--

INSERT INTO `dosages` (`dosage_id`, `dosage_name`, `dosage_judul`, `created_at`, `updated_at`) VALUES
(1, '0.1', '0.1 mg', '2016-05-28 16:33:11', '2016-05-28 16:33:11'),
(2, '0.13', '0.13 mg', '2016-05-28 16:33:11', '2016-05-28 16:33:11'),
(3, '0.2', '0.2 mg', '2016-05-28 16:33:11', '2016-05-28 16:33:11'),
(4, '0.25', '0.25 mg', '2016-05-28 16:33:11', '2016-05-28 16:33:11'),
(5, '0.3', '0.3 mg', '2016-05-28 16:33:11', '2016-05-28 16:33:11'),
(6, '0.5', '0.5 mg', '2016-05-28 16:33:12', '2016-05-28 16:33:12'),
(7, '0.63', '0.63 mg', '2016-05-28 16:33:12', '2016-05-28 16:33:12'),
(8, '0.75', '0.75 mg', '2016-05-28 16:33:12', '2016-05-28 16:33:12'),
(9, '1.0', '1 mg', '2016-05-28 16:33:12', '2016-05-28 16:33:12'),
(10, '1.25', '1.25 mg', '2016-05-28 16:33:12', '2016-05-28 16:33:12'),
(11, '1.5', '1.5 mg', '2016-05-28 16:33:12', '2016-05-28 16:33:12'),
(12, '10.0', '10 mg', '2016-05-28 16:33:12', '2016-05-28 16:33:12'),
(13, '12.5', '12.5 mg', '2016-05-28 16:33:12', '2016-05-28 16:33:12'),
(14, '100.0', '100 mg', '2016-05-28 16:33:12', '2016-05-28 16:33:12'),
(15, '160.0', '160 mg', '2016-05-28 16:33:12', '2016-05-28 16:33:12'),
(16, '1000.0', '1000 mg', '2016-05-28 16:33:12', '2016-05-28 16:33:12'),
(17, '10000.0', '10000 mg', '2016-05-28 16:33:12', '2016-05-28 16:33:12'),
(18, '2.5', '2.5 mg', '2016-05-28 16:33:12', '2016-05-28 16:33:12'),
(19, '25.0', '25 mg', '2016-05-28 16:33:12', '2016-05-28 16:33:12'),
(20, '200.0', '200 mg', '2016-05-28 16:33:12', '2016-05-28 16:33:12'),
(21, '250.0', '250 mg', '2016-05-28 16:33:12', '2016-05-28 16:33:12'),
(22, '2000.0', '2000 mg', '2016-05-28 16:33:12', '2016-05-28 16:33:12'),
(23, '30.0', '30 mg', '2016-05-28 16:33:12', '2016-05-28 16:33:12'),
(24, '300.0', '300 mg', '2016-05-28 16:33:12', '2016-05-28 16:33:12'),
(25, '3000.0', '3000 mg', '2016-05-28 16:33:12', '2016-05-28 16:33:12'),
(26, '4.0', '4 mg', '2016-05-28 16:33:12', '2016-05-28 16:33:12'),
(27, '40.0', '40 mg', '2016-05-28 16:33:12', '2016-05-28 16:33:12'),
(28, '400.0', '400 mg', '2016-05-28 16:33:13', '2016-05-28 16:33:13'),
(29, '5.0', '5 mg', '2016-05-28 16:33:13', '2016-05-28 16:33:13'),
(30, '50.0', '50 mg', '2016-05-28 16:33:13', '2016-05-28 16:33:13'),
(31, '500.0', '500 mg', '2016-05-28 16:33:13', '2016-05-28 16:33:13'),
(32, '60.0', '60 mg', '2016-05-28 16:33:13', '2016-05-28 16:33:13'),
(33, '600.0', '600 mg', '2016-05-28 16:33:13', '2016-05-28 16:33:13'),
(34, '7.5', '7.5 mg', '2016-05-28 16:33:13', '2016-05-28 16:33:13'),
(35, '70.0', '70 mg', '2016-05-28 16:33:13', '2016-05-28 16:33:13'),
(36, '750.0', '750 mg', '2016-05-28 16:33:13', '2016-05-28 16:33:13'),
(37, '80.0', '80 mg', '2016-05-28 16:33:13', '2016-05-28 16:33:13'),
(38, '800.0', '800 mg', '2016-05-28 16:33:13', '2016-05-28 16:33:13');

-- --------------------------------------------------------

--
-- Table structure for table `dtrans`
--

CREATE TABLE `dtrans` (
  `dta_qty` int(11) DEFAULT NULL,
  `dtd_qty` int(11) DEFAULT NULL,
  `dt_rsn` varchar(255) DEFAULT NULL,
  `obat_id` int(11) NOT NULL DEFAULT '0',
  `transaksi_id` int(11) NOT NULL DEFAULT '0',
  `created_at` datetime NOT NULL,
  `updated_at` datetime NOT NULL,
  `dtt_qty` int(11) DEFAULT NULL
) ENGINE=InnoDB DEFAULT CHARSET=latin1;

--
-- Dumping data for table `dtrans`
--

INSERT INTO `dtrans` (`dta_qty`, `dtd_qty`, `dt_rsn`, `obat_id`, `transaksi_id`, `created_at`, `updated_at`, `dtt_qty`) VALUES
(10, 4, '', 1, 1, '2016-06-21 17:19:17', '2016-08-02 05:49:27', 4),
(5, 3, 'kurang', 1, 2, '2016-06-30 12:07:32', '2016-10-13 15:57:49', 3),
(2, NULL, NULL, 1, 4, '2016-10-21 08:49:59', '2016-10-21 08:49:59', NULL),
(2, 2, '', 2, 3, '2016-10-11 05:08:11', '2016-10-11 05:20:06', 2),
(15, 10, '', 3, 1, '2016-06-21 17:19:24', '2016-10-09 17:23:17', 10),
(4, 4, '', 4, 3, '2016-10-11 05:08:02', '2016-10-11 05:20:38', 4),
(5, 0, '', 5, 1, '2016-06-21 17:19:34', '2016-10-09 17:23:17', 0),
(10, 8, '', 7, 2, '2016-06-30 12:07:21', '2016-10-13 15:57:58', 8);

-- --------------------------------------------------------

--
-- Table structure for table `generiks`
--

CREATE TABLE `generiks` (
  `generik_id` int(11) NOT NULL,
  `generik_name` varchar(255) DEFAULT NULL,
  `created_at` datetime NOT NULL,
  `updated_at` datetime NOT NULL
) ENGINE=InnoDB DEFAULT CHARSET=latin1;

--
-- Dumping data for table `generiks`
--

INSERT INTO `generiks` (`generik_id`, `generik_name`, `created_at`, `updated_at`) VALUES
(1, 'Acarbose', '2016-05-28 17:36:06', '2016-05-28 17:36:06'),
(2, 'Adefovir', '2016-05-28 17:36:06', '2016-05-28 17:36:06'),
(3, 'Acetosal', '2016-05-28 17:36:06', '2016-05-28 17:36:06'),
(4, 'Albendazol', '2016-05-28 17:36:06', '2016-05-28 17:36:06'),
(5, 'Albumin', '2016-05-28 17:36:06', '2016-05-28 17:36:06'),
(6, 'Allopurinol', '2016-05-28 17:36:06', '2016-05-28 17:36:06'),
(7, 'Alprazolam', '2016-05-28 17:36:07', '2016-05-28 17:36:07'),
(8, 'Alteplase', '2016-05-28 17:36:07', '2016-05-28 17:36:07'),
(9, 'Ambroksol', '2016-05-28 17:36:07', '2016-05-28 17:36:07'),
(10, 'Amfoterisin', '2016-05-28 17:36:07', '2016-05-28 17:36:07'),
(11, 'Amikasin', '2016-05-28 17:36:07', '2016-05-28 17:36:07'),
(12, 'Aminophilin', '2016-05-28 17:36:07', '2016-05-28 17:36:07'),
(13, 'Amitriptilin', '2016-05-28 17:36:07', '2016-05-28 17:36:07'),
(14, 'Amlodipin', '2016-05-28 17:36:07', '2016-05-28 17:36:07'),
(15, 'Amiodaron', '2016-05-28 17:36:07', '2016-05-28 17:36:07'),
(16, 'Amoksisilin', '2016-05-28 17:36:07', '2016-05-28 17:36:07'),
(17, 'Ampisilin', '2016-05-28 17:36:07', '2016-05-28 17:36:07'),
(18, 'Analog Insulin', '2016-05-28 17:36:07', '2016-05-28 17:36:07'),
(19, 'Antasida', '2016-05-28 17:36:07', '2016-05-28 17:36:07'),
(20, 'As. Mefenamat', '2016-05-28 17:36:07', '2016-05-28 17:36:07'),
(21, 'As. Valproat', '2016-05-28 17:36:07', '2016-05-28 17:36:07'),
(22, 'Asam Retinoat', '2016-05-28 17:36:08', '2016-05-28 17:36:08'),
(23, 'Asetazolamid', '2016-05-28 17:36:08', '2016-05-28 17:36:08'),
(24, 'Asetil Sistein', '2016-05-28 17:36:08', '2016-05-28 17:36:08'),
(25, 'Asiklovir', '2016-05-28 17:36:08', '2016-05-28 17:36:08'),
(26, 'Asparaginase', '2016-05-28 17:36:08', '2016-05-28 17:36:08'),
(27, 'Atropin', '2016-05-28 17:36:08', '2016-05-28 17:36:08'),
(28, 'Azatrioprin', '2016-05-28 17:36:08', '2016-05-28 17:36:08'),
(29, 'Basitrasin – Polimiksin B', '2016-05-28 17:36:08', '2016-05-28 17:36:08'),
(30, 'Benzipenisilin', '2016-05-28 17:36:08', '2016-05-28 17:36:08'),
(31, 'Betametason', '2016-05-28 17:36:08', '2016-05-28 17:36:08'),
(32, 'Bisakodil', '2016-05-28 17:36:08', '2016-05-28 17:36:08'),
(33, 'Bleomisin', '2016-05-28 17:36:08', '2016-05-28 17:36:08'),
(34, 'Bromheksin', '2016-05-28 17:36:08', '2016-05-28 17:36:08'),
(35, 'Budesonid', '2016-05-28 17:36:08', '2016-05-28 17:36:08'),
(36, 'Carvedilol', '2016-05-28 17:36:08', '2016-05-28 17:36:08'),
(37, 'Cetrizin', '2016-05-28 17:36:09', '2016-05-28 17:36:09'),
(38, 'Cimetidin', '2016-05-28 17:36:09', '2016-05-28 17:36:09'),
(39, 'Ciprofloksasin', '2016-05-28 17:36:09', '2016-05-28 17:36:09'),
(40, 'Cisplatin', '2016-05-28 17:36:09', '2016-05-28 17:36:09'),
(41, 'CPZ', '2016-05-28 17:36:09', '2016-05-28 17:36:09'),
(42, 'Dakarbasin', '2016-05-28 17:36:09', '2016-05-28 17:36:09'),
(43, 'Dapson', '2016-05-28 17:36:09', '2016-05-28 17:36:09'),
(44, 'Deksametason', '2016-05-28 17:36:09', '2016-05-28 17:36:09'),
(45, 'Diazepam', '2016-05-28 17:36:09', '2016-05-28 17:36:09'),
(46, 'Digoksin', '2016-05-28 17:36:09', '2016-05-28 17:36:09'),
(47, 'Dikloksasilin', '2016-05-28 17:36:09', '2016-05-28 17:36:09'),
(48, 'Dimenhidrinat', '2016-05-28 17:36:09', '2016-05-28 17:36:09'),
(49, 'Dipenhidramin', '2016-05-28 17:36:09', '2016-05-28 17:36:09'),
(50, 'DMP', '2016-05-28 17:36:09', '2016-05-28 17:36:09'),
(51, 'Dobutamin', '2016-05-28 17:36:09', '2016-05-28 17:36:09'),
(52, 'Doksisiklin', '2016-05-28 17:36:09', '2016-05-28 17:36:09'),
(53, 'Doksorubisin', '2016-05-28 17:36:09', '2016-05-28 17:36:09'),
(54, 'Domperidon', '2016-05-28 17:36:09', '2016-05-28 17:36:09'),
(55, 'Dopamin', '2016-05-28 17:36:09', '2016-05-28 17:36:09'),
(56, 'Efavirens', '2016-05-28 17:36:10', '2016-05-28 17:36:10'),
(57, 'Epinefrin', '2016-05-28 17:36:10', '2016-05-28 17:36:10'),
(58, 'Ergotamin', '2016-05-28 17:36:10', '2016-05-28 17:36:10'),
(59, 'Eritromisin', '2016-05-28 17:36:10', '2016-05-28 17:36:10'),
(60, 'Ethambutol', '2016-05-28 17:36:10', '2016-05-28 17:36:10'),
(61, 'Etinil Estradiol', '2016-05-28 17:36:10', '2016-05-28 17:36:10'),
(62, 'Etoposid', '2016-05-28 17:36:10', '2016-05-28 17:36:10'),
(63, 'Fe Sulfat', '2016-05-28 17:36:10', '2016-05-28 17:36:10'),
(64, 'Fenitoin', '2016-05-28 17:36:10', '2016-05-28 17:36:10'),
(65, 'Fenoksimetilpenisilin', '2016-05-28 17:36:10', '2016-05-28 17:36:10'),
(66, 'Fentanil', '2016-05-28 17:36:10', '2016-05-28 17:36:10'),
(67, 'Fitomenadion', '2016-05-28 17:36:10', '2016-05-28 17:36:10'),
(68, 'Flufenasin', '2016-05-28 17:36:10', '2016-05-28 17:36:10'),
(69, 'Flukonazol', '2016-05-28 17:36:10', '2016-05-28 17:36:10'),
(70, 'Fluoksetin', '2016-05-28 17:36:10', '2016-05-28 17:36:10'),
(71, 'Fluoro urasil', '2016-05-28 17:36:10', '2016-05-28 17:36:10'),
(72, 'Furosemida', '2016-05-28 17:36:10', '2016-05-28 17:36:10'),
(73, 'Gentamisin', '2016-05-28 17:36:10', '2016-05-28 17:36:10'),
(74, 'GG', '2016-05-28 17:36:11', '2016-05-28 17:36:11'),
(75, 'Glibenklamid', '2016-05-28 17:36:11', '2016-05-28 17:36:11'),
(76, 'Gliklazid', '2016-05-28 17:36:11', '2016-05-28 17:36:11'),
(77, 'Glikuidon', '2016-05-28 17:36:11', '2016-05-28 17:36:11'),
(78, 'Glimepirid', '2016-05-28 17:36:11', '2016-05-28 17:36:11'),
(79, 'Glipizid', '2016-05-28 17:36:11', '2016-05-28 17:36:11'),
(80, 'Griseofulvin', '2016-05-28 17:36:11', '2016-05-28 17:36:11'),
(81, 'Haloperidol', '2016-05-28 17:36:11', '2016-05-28 17:36:11'),
(82, 'HCT', '2016-05-28 17:36:11', '2016-05-28 17:36:11'),
(83, 'Heparin', '2016-05-28 17:36:11', '2016-05-28 17:36:11'),
(84, 'Hepatitis B rekombinan', '2016-05-28 17:36:11', '2016-05-28 17:36:11'),
(85, 'Hidrokortison', '2016-05-28 17:36:11', '2016-05-28 17:36:11'),
(86, 'Hidroksil urea', '2016-05-28 17:36:11', '2016-05-28 17:36:11'),
(87, 'Ibuprofen', '2016-05-28 17:36:11', '2016-05-28 17:36:11'),
(88, 'INH', '2016-05-28 17:36:11', '2016-05-28 17:36:11'),
(89, 'Insulin', '2016-05-28 17:36:11', '2016-05-28 17:36:11'),
(90, 'Ipatropium', '2016-05-28 17:36:11', '2016-05-28 17:36:11'),
(91, 'ISDN', '2016-05-28 17:36:11', '2016-05-28 17:36:11'),
(92, 'Isoksuprin', '2016-05-28 17:36:11', '2016-05-28 17:36:11'),
(93, 'Kalsium Glukonat', '2016-05-28 17:36:12', '2016-05-28 17:36:12'),
(94, 'Karbamazepin', '2016-05-28 17:36:12', '2016-05-28 17:36:12'),
(95, 'KCL', '2016-05-28 17:36:12', '2016-05-28 17:36:12'),
(96, 'Ketokonazol', '2016-05-28 17:36:12', '2016-05-28 17:36:12'),
(97, 'Ketoprofen', '2016-05-28 17:36:12', '2016-05-28 17:36:12'),
(98, 'Ketorolak', '2016-05-28 17:36:12', '2016-05-28 17:36:12'),
(99, 'Ketotifen', '2016-05-28 17:36:12', '2016-05-28 17:36:12'),
(100, 'Klindamisin', '2016-05-28 17:36:12', '2016-05-28 17:36:12'),
(101, 'Klonidin', '2016-05-28 17:36:12', '2016-05-28 17:36:12'),
(102, 'Kloramfenikol (Thiampenikol)', '2016-05-28 17:36:12', '2016-05-28 17:36:12'),
(103, 'Klorokuin', '2016-05-28 17:36:12', '2016-05-28 17:36:12'),
(104, 'Klorpheniramin', '2016-05-28 17:36:12', '2016-05-28 17:36:12'),
(105, 'Kolkisin', '2016-05-28 17:36:12', '2016-05-28 17:36:12'),
(106, 'Kotrimoksazol', '2016-05-28 17:36:12', '2016-05-28 17:36:12'),
(107, 'Kuinin', '2016-05-28 17:36:12', '2016-05-28 17:36:12'),
(108, 'Lamivudin', '2016-05-28 17:36:12', '2016-05-28 17:36:12'),
(109, 'Lansoprazol', '2016-05-28 17:36:12', '2016-05-28 17:36:12'),
(110, 'Levodopa + Karbidopa', '2016-05-28 17:36:12', '2016-05-28 17:36:12'),
(111, 'Levofloksasin', '2016-05-28 17:36:12', '2016-05-28 17:36:12'),
(112, 'Levonorgestrel', '2016-05-28 17:36:13', '2016-05-28 17:36:13'),
(113, 'Lisinopril', '2016-05-28 17:36:13', '2016-05-28 17:36:13'),
(114, 'Loperamid', '2016-05-28 17:36:13', '2016-05-28 17:36:13'),
(115, 'Loratadin', '2016-05-28 17:36:13', '2016-05-28 17:36:13'),
(116, 'Manitol', '2016-05-28 17:36:13', '2016-05-28 17:36:13'),
(117, 'Medroksiprogesteronasetat', '2016-05-28 17:36:13', '2016-05-28 17:36:13'),
(118, 'Meloksikam', '2016-05-28 17:36:13', '2016-05-28 17:36:13'),
(119, 'Metformin', '2016-05-28 17:36:13', '2016-05-28 17:36:13'),
(120, 'Metil Ergometrin', '2016-05-28 17:36:13', '2016-05-28 17:36:13'),
(121, 'Metil Prednisolon', '2016-05-28 17:36:13', '2016-05-28 17:36:13'),
(122, 'Metildopa', '2016-05-28 17:36:13', '2016-05-28 17:36:13'),
(123, 'Metoklopramid', '2016-05-28 17:36:13', '2016-05-28 17:36:13'),
(124, 'Metotreksat', '2016-05-28 17:36:13', '2016-05-28 17:36:13'),
(125, 'Metronidazol', '2016-05-28 17:36:13', '2016-05-28 17:36:13'),
(126, 'Mg Sulfat', '2016-05-28 17:36:13', '2016-05-28 17:36:13'),
(127, 'Mikonazol', '2016-05-28 17:36:13', '2016-05-28 17:36:13'),
(128, 'Morfin', '2016-05-28 17:36:13', '2016-05-28 17:36:13'),
(129, 'Na Bikarbonat', '2016-05-28 17:36:13', '2016-05-28 17:36:13'),
(130, 'Na Diklofenak', '2016-05-28 17:36:13', '2016-05-28 17:36:13'),
(131, 'Na Fusidat', '2016-05-28 17:36:14', '2016-05-28 17:36:14'),
(132, 'Nalokson', '2016-05-28 17:36:14', '2016-05-28 17:36:14'),
(133, 'Neomisin', '2016-05-28 17:36:14', '2016-05-28 17:36:14'),
(134, 'Neostigmin', '2016-05-28 17:36:14', '2016-05-28 17:36:14'),
(135, 'Nevirapine', '2016-05-28 17:36:14', '2016-05-28 17:36:14'),
(136, 'Nifedipin', '2016-05-28 17:36:14', '2016-05-28 17:36:14'),
(137, 'Nistatin', '2016-05-28 17:36:14', '2016-05-28 17:36:14'),
(138, 'Nitrogliserin', '2016-05-28 17:36:14', '2016-05-28 17:36:14'),
(139, 'Oksimetazolin', '2016-05-28 17:36:14', '2016-05-28 17:36:14'),
(140, 'Oksitosin', '2016-05-28 17:36:14', '2016-05-28 17:36:14'),
(141, 'Omeprazol', '2016-05-28 17:36:14', '2016-05-28 17:36:14'),
(142, 'Pankuronium', '2016-05-28 17:36:14', '2016-05-28 17:36:14'),
(143, 'Parasetamol', '2016-05-28 17:36:14', '2016-05-28 17:36:14'),
(144, 'Pethidin', '2016-05-28 17:36:14', '2016-05-28 17:36:14'),
(145, 'Phenobarbital', '2016-05-28 17:36:14', '2016-05-28 17:36:14'),
(146, 'Pilokarpin', '2016-05-28 17:36:14', '2016-05-28 17:36:14'),
(147, 'Pioglitazon', '2016-05-28 17:36:14', '2016-05-28 17:36:14'),
(148, 'Pirantel', '2016-05-28 17:36:14', '2016-05-28 17:36:14'),
(149, 'Pirazinamid', '2016-05-28 17:36:14', '2016-05-28 17:36:14'),
(150, 'Piridostigmin', '2016-05-28 17:36:15', '2016-05-28 17:36:15'),
(151, 'Piroksikam', '2016-05-28 17:36:15', '2016-05-28 17:36:15'),
(152, 'Povidon iodin', '2016-05-28 17:36:15', '2016-05-28 17:36:15'),
(153, 'Prednison', '2016-05-28 17:36:15', '2016-05-28 17:36:15'),
(154, 'Primakuin', '2016-05-28 17:36:15', '2016-05-28 17:36:15'),
(155, 'Propanolol', '2016-05-28 17:36:15', '2016-05-28 17:36:15'),
(156, 'Protamin Sulfat', '2016-05-28 17:36:15', '2016-05-28 17:36:15'),
(157, 'Quetiapin', '2016-05-28 17:36:15', '2016-05-28 17:36:15'),
(158, 'Ramipril', '2016-05-28 17:36:15', '2016-05-28 17:36:15'),
(159, 'Ranitidin', '2016-05-28 17:36:15', '2016-05-28 17:36:15'),
(160, 'Repaglinid', '2016-05-28 17:36:15', '2016-05-28 17:36:15'),
(161, 'Rifampisin', '2016-05-28 17:36:15', '2016-05-28 17:36:15'),
(162, 'Risperidon', '2016-05-28 17:36:15', '2016-05-28 17:36:15'),
(163, 'Rosiglitazon', '2016-05-28 17:36:15', '2016-05-28 17:36:15'),
(164, 'Salbutamol', '2016-05-28 17:36:15', '2016-05-28 17:36:15'),
(165, 'Sefadroksil', '2016-05-28 17:36:15', '2016-05-28 17:36:15'),
(166, 'Sefiksim', '2016-05-28 17:36:15', '2016-05-28 17:36:15'),
(167, 'Sefotaksim', '2016-05-28 17:36:15', '2016-05-28 17:36:15'),
(168, 'Seftazidim', '2016-05-28 17:36:15', '2016-05-28 17:36:15'),
(169, 'Seftriakson', '2016-05-28 17:36:15', '2016-05-28 17:36:15'),
(170, 'Serum Antibisa ular', '2016-05-28 17:36:16', '2016-05-28 17:36:16'),
(171, 'Serum Antidifteri', '2016-05-28 17:36:16', '2016-05-28 17:36:16'),
(172, 'Serum Antirabies', '2016-05-28 17:36:16', '2016-05-28 17:36:16'),
(173, 'Serum Antitetanus', '2016-05-28 17:36:16', '2016-05-28 17:36:16'),
(174, 'Serum Imunoglobulin', '2016-05-28 17:36:16', '2016-05-28 17:36:16'),
(175, 'Siklofosfamid', '2016-05-28 17:36:16', '2016-05-28 17:36:16'),
(176, 'Siklosforin', '2016-05-28 17:36:16', '2016-05-28 17:36:16'),
(177, 'Simvastatin', '2016-05-28 17:36:16', '2016-05-28 17:36:16'),
(178, 'Sitarabin', '2016-05-28 17:36:17', '2016-05-28 17:36:17'),
(179, 'Spironolakton', '2016-05-28 17:36:17', '2016-05-28 17:36:17'),
(180, 'Stavudin', '2016-05-28 17:36:17', '2016-05-28 17:36:17'),
(181, 'Streptokinase', '2016-05-28 17:36:17', '2016-05-28 17:36:17'),
(182, 'Streptomisin', '2016-05-28 17:36:17', '2016-05-28 17:36:17'),
(183, 'Sukralfat', '2016-05-28 17:36:17', '2016-05-28 17:36:17'),
(184, 'Suksametonium', '2016-05-28 17:36:17', '2016-05-28 17:36:17'),
(185, 'Sulfacetamid', '2016-05-28 17:36:17', '2016-05-28 17:36:17'),
(186, 'Sulfasalazin', '2016-05-28 17:36:17', '2016-05-28 17:36:17'),
(187, 'Tamoksifen', '2016-05-28 17:36:17', '2016-05-28 17:36:17'),
(188, 'Terazosin', '2016-05-28 17:36:17', '2016-05-28 17:36:17'),
(189, 'Terbutalin', '2016-05-28 17:36:17', '2016-05-28 17:36:17'),
(190, 'Testosteron', '2016-05-28 17:36:17', '2016-05-28 17:36:17'),
(191, 'Tetrasiklin', '2016-05-28 17:36:17', '2016-05-28 17:36:17'),
(192, 'Timolol', '2016-05-28 17:36:17', '2016-05-28 17:36:17'),
(193, 'Tramadol', '2016-05-28 17:36:17', '2016-05-28 17:36:17'),
(194, 'Traneksamat', '2016-05-28 17:36:18', '2016-05-28 17:36:18'),
(195, 'Triheksifenidil', '2016-05-28 17:36:18', '2016-05-28 17:36:18'),
(196, 'Vaksin BCG', '2016-05-28 17:36:18', '2016-05-28 17:36:18'),
(197, 'Vaksin Campak', '2016-05-28 17:36:18', '2016-05-28 17:36:18'),
(198, 'Vaksin DTP', '2016-05-28 17:36:18', '2016-05-28 17:36:18'),
(199, 'Vaksin jerap difteri tetanus', '2016-05-28 17:36:18', '2016-05-28 17:36:18'),
(200, 'Vaksin meningokokus polisakarida A + C', '2016-05-28 17:36:18', '2016-05-28 17:36:18'),
(201, 'Vaksin polio', '2016-05-28 17:36:18', '2016-05-28 17:36:18'),
(202, 'Vaksin Rabies', '2016-05-28 17:36:18', '2016-05-28 17:36:18'),
(203, 'Valsartan', '2016-05-28 17:36:18', '2016-05-28 17:36:18'),
(204, 'Vekuronium', '2016-05-28 17:36:18', '2016-05-28 17:36:18'),
(205, 'Verapamil', '2016-05-28 17:36:18', '2016-05-28 17:36:18'),
(206, 'Vinblastin', '2016-05-28 17:36:18', '2016-05-28 17:36:18'),
(207, 'Vinkristin', '2016-05-28 17:36:18', '2016-05-28 17:36:18'),
(208, 'Vitamin B6', '2016-05-28 17:36:18', '2016-05-28 17:36:18'),
(209, 'Vitamin C', '2016-05-28 17:36:18', '2016-05-28 17:36:18'),
(210, 'Warfarin', '2016-05-28 17:36:18', '2016-05-28 17:36:18');

-- --------------------------------------------------------

--
-- Table structure for table `grup_obats`
--

CREATE TABLE `grup_obats` (
  `gobat_id` int(11) NOT NULL,
  `gobat_name` varchar(255) DEFAULT NULL,
  `created_at` datetime NOT NULL,
  `updated_at` datetime NOT NULL
) ENGINE=InnoDB DEFAULT CHARSET=latin1;

--
-- Dumping data for table `grup_obats`
--

INSERT INTO `grup_obats` (`gobat_id`, `gobat_name`, `created_at`, `updated_at`) VALUES
(1, 'Ethical', '2016-05-28 17:52:08', '2016-05-28 17:52:08'),
(2, 'UTC', '2016-05-28 17:52:09', '2016-05-28 17:52:09'),
(3, 'Narkotika', '2016-05-28 17:52:09', '2016-05-28 17:52:09'),
(4, 'Generik', '2016-05-28 17:52:09', '2016-05-28 17:52:09'),
(5, 'Bahan Baku', '2016-05-28 17:52:09', '2016-05-28 17:52:09'),
(6, 'Alat Kesehatan', '2016-05-28 17:52:09', '2016-05-28 17:52:09'),
(7, 'Optik', '2016-05-28 17:52:09', '2016-05-28 17:52:09'),
(8, 'Laboratorium', '2016-05-28 17:52:09', '2016-05-28 17:52:09'),
(9, 'Aanmak', '2016-05-28 17:52:09', '2016-05-28 17:52:09'),
(10, 'Antibiotik', '2016-05-28 17:52:09', '2016-05-28 17:52:09');

-- --------------------------------------------------------

--
-- Table structure for table `kategori_obats`
--

CREATE TABLE `kategori_obats` (
  `kobat_id` int(11) NOT NULL,
  `kobat_name` varchar(255) DEFAULT NULL,
  `created_at` datetime NOT NULL,
  `updated_at` datetime NOT NULL
) ENGINE=InnoDB DEFAULT CHARSET=latin1;

--
-- Dumping data for table `kategori_obats`
--

INSERT INTO `kategori_obats` (`kobat_id`, `kobat_name`, `created_at`, `updated_at`) VALUES
(1, 'Aminoglikosida', '2016-05-29 08:40:08', '2016-05-29 08:40:08'),
(2, 'Antibakteri Kombinasi', '2016-05-29 08:40:08', '2016-05-29 08:40:08'),
(3, 'Antibiotika Golongan Lain', '2016-05-29 08:40:08', '2016-05-29 08:40:08'),
(4, 'Beta Laktam', '2016-05-29 08:40:08', '2016-05-29 08:40:08'),
(5, 'Kloramfinekol', '2016-05-29 08:40:08', '2016-05-29 08:40:08'),
(6, 'Kuinolon', '2016-05-29 08:40:08', '2016-05-29 08:40:08'),
(7, 'Makrolid', '2016-05-29 08:40:08', '2016-05-29 08:40:08'),
(8, 'Obat Jamur', '2016-05-29 08:40:08', '2016-05-29 08:40:08'),
(9, 'Penisilin', '2016-05-29 08:40:08', '2016-05-29 08:40:08'),
(10, 'Sefalosporin', '2016-05-29 08:40:08', '2016-05-29 08:40:08'),
(11, 'Sulfonamida', '2016-05-29 08:40:08', '2016-05-29 08:40:08'),
(12, 'Tetrasiklin', '2016-05-29 08:40:08', '2016-05-29 08:40:08'),
(13, 'Antiamuba', '2016-05-29 08:40:09', '2016-05-29 08:40:09'),
(14, 'Kombinasi Antibakteri', '2016-05-29 08:40:09', '2016-05-29 08:40:09'),
(15, 'Obat Cacing', '2016-05-29 08:40:09', '2016-05-29 08:40:09'),
(16, 'Obat Kanker', '2016-05-29 08:40:09', '2016-05-29 08:40:09'),
(17, 'Obat Kemoterapi Hormon', '2016-05-29 08:40:09', '2016-05-29 08:40:09'),
(18, 'Obat Kusta / Lepra', '2016-05-29 08:40:09', '2016-05-29 08:40:09'),
(19, 'Obat Malaria', '2016-05-29 08:40:09', '2016-05-29 08:40:09'),
(20, 'Obat Tuberkulosa', '2016-05-29 08:40:09', '2016-05-29 08:40:09'),
(21, 'Obat Virus', '2016-05-29 08:40:09', '2016-05-29 08:40:09'),
(22, 'Kontrasepsi Lain', '2016-05-29 08:40:09', '2016-05-29 08:40:09'),
(23, 'Kontrasepsi Suntik', '2016-05-29 08:40:09', '2016-05-29 08:40:09'),
(24, 'Pil KB', '2016-05-29 08:40:09', '2016-05-29 08:40:09'),
(25, 'Antiobesitas', '2016-05-29 08:40:09', '2016-05-29 08:40:09'),
(26, 'Nutrisi Enteral', '2016-05-29 08:40:09', '2016-05-29 08:40:09'),
(27, 'Nutrisi Parenteral', '2016-05-29 08:40:09', '2016-05-29 08:40:09'),
(28, 'Penambah Nafsu Makan', '2016-05-29 08:40:09', '2016-05-29 08:40:09'),
(29, 'Suplemen', '2016-05-29 08:40:09', '2016-05-29 08:40:09'),
(30, 'Tonikum', '2016-05-29 08:40:09', '2016-05-29 08:40:09'),
(31, 'Imunosupresan', '2016-05-29 08:40:09', '2016-05-29 08:40:09'),
(32, 'Obat Alergi & Antihistamin', '2016-05-29 08:40:09', '2016-05-29 08:40:09'),
(33, 'Vaksin, Antisera & Imunologi', '2016-05-29 08:40:09', '2016-05-29 08:40:09'),
(34, 'Obat Intravena & Cairan Steril Lain', '2016-05-29 08:40:09', '2016-05-29 08:40:09'),
(35, 'ACE Inhibitor', '2016-05-29 08:40:09', '2016-05-29 08:40:09'),
(36, 'Antagonis Angiotensin II', '2016-05-29 08:40:10', '2016-05-29 08:40:10'),
(37, 'Antagonis Kalsium', '2016-05-29 08:40:10', '2016-05-29 08:40:10'),
(38, 'Antihipertensi Golongan Lain', '2016-05-29 08:40:10', '2016-05-29 08:40:10'),
(39, 'Antikoagulan, Antiplatelet & Fibrinolitik', '2016-05-29 08:40:10', '2016-05-29 08:40:10'),
(40, 'Beta Bloker', '2016-05-29 08:40:10', '2016-05-29 08:40:10'),
(41, 'Diuretikum', '2016-05-29 08:40:10', '2016-05-29 08:40:10'),
(42, 'Hemorheologikal', '2016-05-29 08:40:10', '2016-05-29 08:40:10'),
(43, 'Hemostatik', '2016-05-29 08:40:10', '2016-05-29 08:40:10'),
(44, 'Obat Anti Angina', '2016-05-29 08:40:10', '2016-05-29 08:40:10'),
(45, 'Obat Hematopoietik', '2016-05-29 08:40:10', '2016-05-29 08:40:10'),
(46, 'Obat Jantung', '2016-05-29 08:40:10', '2016-05-29 08:40:10'),
(47, 'Obat Kardiovaskular Golongan Lain', '2016-05-29 08:40:10', '2016-05-29 08:40:10'),
(48, 'Obat Migren', '2016-05-29 08:40:10', '2016-05-29 08:40:10'),
(49, 'Obat Vasodilator Perifer & Aktivator Serebral', '2016-05-29 08:40:10', '2016-05-29 08:40:10'),
(50, 'Preparat Flebitis & Varises', '2016-05-29 08:40:10', '2016-05-29 08:40:10'),
(51, 'Vasokonstriktor', '2016-05-29 08:40:10', '2016-05-29 08:40:10'),
(52, 'Obat Penawar Racun & Detoksifikasi', '2016-05-29 08:40:10', '2016-05-29 08:40:10'),
(53, 'Analgesik (Non-Opioid) & Antipiretik', '2016-05-29 08:40:10', '2016-05-29 08:40:10'),
(54, 'Analgesik (Opioid)', '2016-05-29 08:40:10', '2016-05-29 08:40:10'),
(55, 'Anti Inflamasi', '2016-05-29 08:40:10', '2016-05-29 08:40:10'),
(56, 'Antidepresan', '2016-05-29 08:40:10', '2016-05-29 08:40:10'),
(57, 'Antiinflamasi Nonsteroid (NSAID)', '2016-05-29 08:40:10', '2016-05-29 08:40:10'),
(58, 'Antikonvulsan', '2016-05-29 08:40:11', '2016-05-29 08:40:11'),
(59, 'Antipsikotik', '2016-05-29 08:40:11', '2016-05-29 08:40:11'),
(60, 'Hipnotiva & Sedativa', '2016-05-29 08:40:11', '2016-05-29 08:40:11'),
(61, 'Nootropik & Neurotonik', '2016-05-29 08:40:11', '2016-05-29 08:40:11'),
(62, 'Obat ADHD', '2016-05-29 08:40:11', '2016-05-29 08:40:11'),
(63, 'Obat Anxietas', '2016-05-29 08:40:11', '2016-05-29 08:40:11'),
(64, 'Obat Gout', '2016-05-29 08:40:11', '2016-05-29 08:40:11'),
(65, 'Obat Neuromaskular', '2016-05-29 08:40:11', '2016-05-29 08:40:11'),
(66, 'Obat Parkinson', '2016-05-29 08:40:11', '2016-05-29 08:40:11'),
(67, 'Obat Penyakit Neurodegeneratif', '2016-05-29 08:40:11', '2016-05-29 08:40:11'),
(68, 'Obat Rematik', '2016-05-29 08:40:11', '2016-05-29 08:40:11'),
(69, 'Obat Sitem Musculo-Skeletal', '2016-05-29 08:40:11', '2016-05-29 08:40:11'),
(70, 'Obat Vertigo', '2016-05-29 08:40:11', '2016-05-29 08:40:11'),
(71, 'Relaksan', '2016-05-29 08:40:11', '2016-05-29 08:40:11'),
(72, 'Anti-infeksi & Antiseptik Mata', '2016-05-29 08:40:11', '2016-05-29 08:40:11'),
(73, 'Anti-infeksi & Antiseptik Telinga', '2016-05-29 08:40:11', '2016-05-29 08:40:11'),
(74, 'Antiseptik Mata dengan Kortikosteroid', '2016-05-29 08:40:11', '2016-05-29 08:40:11'),
(75, 'Antiseptik Telinga dengan Kortikosteroid', '2016-05-29 08:40:11', '2016-05-29 08:40:11'),
(76, 'Kortikosteroid Mata', '2016-05-29 08:40:11', '2016-05-29 08:40:11'),
(77, 'Obat Glaukoma', '2016-05-29 08:40:11', '2016-05-29 08:40:11'),
(78, 'Obat Mata Lain', '2016-05-29 08:40:11', '2016-05-29 08:40:11'),
(79, 'Obat Midriatikum', '2016-05-29 08:40:12', '2016-05-29 08:40:12'),
(80, 'Obat Miotikum', '2016-05-29 08:40:12', '2016-05-29 08:40:12'),
(81, 'Obat Telinga Lain', '2016-05-29 08:40:12', '2016-05-29 08:40:12'),
(82, 'Obat Mulut & Tenggorokan', '2016-05-29 08:40:12', '2016-05-29 08:40:12'),
(83, 'Antasida, Antiulserasi, Anti refluks', '2016-05-29 08:40:12', '2016-05-29 08:40:12'),
(84, 'Antidiare', '2016-05-29 08:40:12', '2016-05-29 08:40:12'),
(85, 'Antimual', '2016-05-29 08:40:12', '2016-05-29 08:40:12'),
(86, 'Antipasmodik', '2016-05-29 08:40:12', '2016-05-29 08:40:12'),
(87, 'Digestan', '2016-05-29 08:40:12', '2016-05-29 08:40:12'),
(88, 'Kolagogum, Kolelitik & Hepatik Protektor', '2016-05-29 08:40:12', '2016-05-29 08:40:12'),
(89, 'Laksatif, Pencahar', '2016-05-29 08:40:12', '2016-05-29 08:40:12'),
(90, 'Preparat Anorektal', '2016-05-29 08:40:12', '2016-05-29 08:40:12'),
(91, 'Regulator GIT, Antiflatulen & Antiinflamasi', '2016-05-29 08:40:12', '2016-05-29 08:40:12'),
(92, 'Antiseptik Saluran Kemih', '2016-05-29 08:40:12', '2016-05-29 08:40:12'),
(93, 'Obat Disfungsi Ereksi', '2016-05-29 08:40:12', '2016-05-29 08:40:12'),
(94, 'Obat Kandung Kemih & Prostat', '2016-05-29 08:40:12', '2016-05-29 08:40:12'),
(95, 'Obat Saluran Kemih Lain', '2016-05-29 08:40:12', '2016-05-29 08:40:12'),
(96, 'Obat Uterus', '2016-05-29 08:40:12', '2016-05-29 08:40:12'),
(97, 'Preparat Vaginal', '2016-05-29 08:40:12', '2016-05-29 08:40:12'),
(98, 'Dekongestan & Preparat Nasal', '2016-05-29 08:40:12', '2016-05-29 08:40:12'),
(99, 'Obat Asma & PPOK (Penyakit Paru Obstruktif Kronis)', '2016-05-29 08:40:12', '2016-05-29 08:40:12'),
(100, 'Obat Batuk & Pilek', '2016-05-29 08:40:12', '2016-05-29 08:40:12'),
(101, 'Obat Saluran Nafas', '2016-05-29 08:40:13', '2016-05-29 08:40:13'),
(102, 'Antihiperlipidemik', '2016-05-29 08:40:13', '2016-05-29 08:40:13'),
(103, 'Antitiroid', '2016-05-29 08:40:13', '2016-05-29 08:40:13'),
(104, 'Insulin', '2016-05-29 08:40:13', '2016-05-29 08:40:13'),
(105, 'Obat Diabetes Oral', '2016-05-29 08:40:13', '2016-05-29 08:40:13'),
(106, 'Obat Metabolisme Tulang', '2016-05-29 08:40:13', '2016-05-29 08:40:13'),
(107, 'Preparat Tiroid', '2016-05-29 08:40:13', '2016-05-29 08:40:13'),
(108, 'Anabolik', '2016-05-29 08:40:13', '2016-05-29 08:40:13'),
(109, 'Hormon Androgen', '2016-05-29 08:40:13', '2016-05-29 08:40:13'),
(110, 'Hormon Estrogen & Hormon Progesteron', '2016-05-29 08:40:13', '2016-05-29 08:40:13'),
(111, 'Obat Kortikosteroid', '2016-05-29 08:40:13', '2016-05-29 08:40:13'),
(112, 'Hormon Tropik', '2016-05-29 08:40:13', '2016-05-29 08:40:13'),
(113, 'Analgesik & Antiinflamasi Topikal', '2016-05-29 08:40:13', '2016-05-29 08:40:13'),
(114, 'Anti Infeksi Topikal', '2016-05-29 08:40:13', '2016-05-29 08:40:13'),
(115, 'Anti Infeksi Topikal dengan Kortikosteroid', '2016-05-29 08:40:13', '2016-05-29 08:40:13'),
(116, 'Antiseptik & Desinfektan', '2016-05-29 08:40:13', '2016-05-29 08:40:13'),
(117, 'Kasa Steril Mengandung Obat', '2016-05-29 08:40:13', '2016-05-29 08:40:13'),
(118, 'Kortikosteroid Topikal', '2016-05-29 08:40:13', '2016-05-29 08:40:13'),
(119, 'Obat Antivirus Kulit', '2016-05-29 08:40:13', '2016-05-29 08:40:13'),
(120, 'Obat Gatal Kulit / Anti Pruritis', '2016-05-29 08:40:13', '2016-05-29 08:40:13'),
(121, 'Obat Jamur dan Parasit Kulit', '2016-05-29 08:40:13', '2016-05-29 08:40:13'),
(122, 'Obat Jerawat', '2016-05-29 08:40:13', '2016-05-29 08:40:13'),
(123, 'Obat Psoriasis, Seboroik & Iktiosis', '2016-05-29 08:40:14', '2016-05-29 08:40:14'),
(124, 'Sediaan Pelindung Kulit', '2016-05-29 08:40:14', '2016-05-29 08:40:14'),
(125, 'Antianemia/Vitamin Masa Hamil & Nifas', '2016-05-29 08:40:14', '2016-05-29 08:40:14'),
(126, 'Elektrolit & Mineral', '2016-05-29 08:40:14', '2016-05-29 08:40:14'),
(127, 'Kalsium dan/atau Vitamin', '2016-05-29 08:40:14', '2016-05-29 08:40:14'),
(128, 'Multivitamin dan/atau Mineral', '2016-05-29 08:40:14', '2016-05-29 08:40:14'),
(129, 'Vitamin & Mineral Anak', '2016-05-29 08:40:14', '2016-05-29 08:40:14'),
(130, 'Vitamin A, D, E', '2016-05-29 08:40:14', '2016-05-29 08:40:14'),
(131, 'Vitamin B Komplek dan/atau C', '2016-05-29 08:40:14', '2016-05-29 08:40:14'),
(132, 'Vitamin C', '2016-05-29 08:40:14', '2016-05-29 08:40:14'),
(133, 'Vitamin dengan Hormon', '2016-05-29 08:40:14', '2016-05-29 08:40:14');

-- --------------------------------------------------------

--
-- Table structure for table `kemasans`
--

CREATE TABLE `kemasans` (
  `kemasan_id` int(11) NOT NULL,
  `kemasan_name` varchar(255) DEFAULT NULL,
  `kemasan_vol` int(11) DEFAULT NULL,
  `kemasan_cap` int(11) DEFAULT NULL,
  `kemasan_unit` varchar(255) DEFAULT NULL,
  `created_at` datetime NOT NULL,
  `updated_at` datetime NOT NULL
) ENGINE=InnoDB DEFAULT CHARSET=latin1;

--
-- Dumping data for table `kemasans`
--

INSERT INTO `kemasans` (`kemasan_id`, `kemasan_name`, `kemasan_vol`, `kemasan_cap`, `kemasan_unit`, `created_at`, `updated_at`) VALUES
(1, '100BH100', 100, 100, 'BH', '2016-05-29 09:03:46', '2016-05-29 09:03:46'),
(2, '100GR1', 1, 100, 'GR', '2016-05-29 09:04:09', '2016-05-29 09:04:09'),
(3, '10GR1', 1, 10, 'GR', '2016-05-29 09:04:51', '2016-05-29 09:04:51'),
(4, '12BH12', 12, 12, 'BH', '2016-05-29 09:05:08', '2016-05-29 09:05:08'),
(5, '15BH15', 15, 15, 'BH', '2016-05-29 09:05:32', '2016-05-29 09:05:32'),
(6, '15BR1', 1, 15, 'BR', '2016-05-29 09:05:53', '2016-05-29 09:05:53'),
(7, '1BOX1', 1, 1, 'BOX', '2016-05-29 09:06:10', '2016-05-29 09:06:10'),
(8, '1CC1', 1, 1, 'CC', '2016-05-29 09:06:18', '2016-05-29 09:06:18'),
(9, '1GR1', 1, 1, 'GR', '2016-05-29 09:06:33', '2016-05-29 09:06:33'),
(10, '1MG1', 1, 1, 'MG', '2016-05-29 09:06:49', '2016-05-29 09:06:49'),
(11, '200ML100', 100, 200, 'ML', '2016-05-29 09:07:10', '2016-05-29 09:07:10'),
(12, '20BH20', 20, 20, 'BH', '2016-05-29 09:07:23', '2016-05-29 09:07:23'),
(13, '20GR1', 1, 20, 'GR', '2016-05-29 09:07:37', '2016-05-29 09:07:37');

-- --------------------------------------------------------

--
-- Table structure for table `krediturs`
--

CREATE TABLE `krediturs` (
  `kreditur_id` int(11) NOT NULL,
  `kreditur_name` varchar(255) DEFAULT NULL,
  `kreditur_address` varchar(255) DEFAULT NULL,
  `kreditur_phone` varchar(255) DEFAULT NULL,
  `kreditur_fax` varchar(255) DEFAULT NULL,
  `kreditur_email` varchar(255) DEFAULT NULL,
  `kreditur_cp` varchar(255) DEFAULT NULL,
  `created_at` datetime NOT NULL,
  `updated_at` datetime NOT NULL
) ENGINE=InnoDB DEFAULT CHARSET=latin1;

--
-- Dumping data for table `krediturs`
--

INSERT INTO `krediturs` (`kreditur_id`, `kreditur_name`, `kreditur_address`, `kreditur_phone`, `kreditur_fax`, `kreditur_email`, `kreditur_cp`, `created_at`, `updated_at`) VALUES
(1, 'Kimia Farma', 'Jl. Rungkut Industri Raya No. 6 Surabaya ', '031-8431158-8431918, 8431969', '031 - 8431946	', '', 'Sumarno', '2016-02-20 17:46:56', '2016-05-29 11:06:17'),
(2, 'Merapi Utama Farma, PT', 'Jl. Darmokali No. 32 Surabaya', '031 - 5673035, 5611322', '031 - 5687554	', '', 'Muslimatus', '2016-02-20 17:48:07', '2016-05-29 11:08:21'),
(3, 'Indofarma Global Medica, PT', 'Jl. Raya Margorejo Indah Blok A-137/58 Surabaya 60238', '031 - 8419377', '031 - 8435444', '', 'Saiful', '2016-05-29 11:07:15', '2016-05-29 11:07:15'),
(4, 'NV. TELKA', 'JL. TENGGALIS MEJOYO BLOK D/18 SURABAYA', '031 - 810068', '', '', 'Indah', '2016-05-29 11:24:57', '2016-05-29 11:25:36'),
(5, 'DJAWA MALUKU, PT', 'JL. JEMBATAN MERAH NO.21 SURABAYA', '031 - 20422', '031 - 26872', '', 'Raymond', '2016-05-29 11:24:57', '2016-05-29 11:25:45'),
(6, 'ANTARMITRA SEMBADA, PT', 'JL. MOJOKLANGRU KIDUL 227 SURABAYA', '031 - 5947697', '031 - 5947697', '', 'Yudha', '2016-05-29 11:24:57', '2016-05-29 11:25:52'),
(7, 'ANUGERAH ARGON MEDICA, PT', 'JL. MANYAR KERTOADI BLOK H/329-331 SURABAYA', '031 - 5935542, 5935543', '031 - 5938247', '', 'Hari', '2016-05-29 11:24:57', '2016-05-29 11:26:05'),
(8, 'ARMEK JUNFA NUSANTARA, PT', 'JL. RAYA LANGSEP NO.63 MALANG', '0341 - 61679', '', '', 'Yosef', '2016-05-29 11:24:57', '2016-05-29 11:26:15'),
(9, 'AYUS ADHIKA CORPORATION, PT', 'JL. DARMO BARAT BARU X NO.10 SURABAYA', '031 - 714108', '', '', 'Yono', '2016-05-29 11:24:57', '2016-05-29 11:26:24'),
(10, 'BARITO BUDI PHARMINDO, PT', 'JL. JEMURSARI SELATAN VII/20-22 SURABAYA', '031 - 8494081-82', '031 - 8494083', '', 'Kevin', '2016-05-29 11:24:57', '2016-05-29 11:26:33'),
(11, 'BELINDO FARMA, PT', 'JL. RAYA DARMO NO.143 RT 13/IV SURABAYA KEL DARMO - KEC WONOKROMO', '031 - 5660025', '031 - 5676784', NULL, NULL, '2016-05-29 11:24:57', '2016-05-29 11:24:57'),
(12, 'BENZENA, PT', 'JL. GEMBONG TEBASAN NO. 14 SURABAYA', '031 - 3761553', NULL, NULL, NULL, '2016-05-29 11:24:57', '2016-05-29 11:24:57'),
(13, 'BIMA PERKASA IKERIMA, PT', 'JL. BRATAJAYA XVIII/2 SURABAYA', '031 - 5670953', NULL, NULL, NULL, '2016-05-29 11:24:57', '2016-05-29 11:24:57'),
(14, 'BORSUMIJ WEHRY INDONESIA, PT', 'JL. RAYA WARU NO.44 SURABAYA', '031 - 810467', NULL, NULL, NULL, '2016-05-29 11:24:57', '2016-05-29 11:24:57'),
(15, 'BORWITA INDAH, PT', 'JL. KUNIR 9 SURABAYA', '031 - 3522405, 3526762', '031 - 3532708', NULL, NULL, '2016-05-29 11:24:57', '2016-05-29 11:24:57'),
(16, 'Brataco, PT', 'JL. TIDAR NO. 89 SURABAYA', '031 - 5322887, 5325057, 5677682', NULL, NULL, NULL, '2016-05-29 11:24:57', '2016-05-29 11:24:57'),
(17, 'CEMPAKA INDAH MURNI, PT', 'JL. BIBIS NO.14 SURABAYA', '031 - 3520509, 3535767', '031 - 3534935', NULL, NULL, '2016-05-29 11:24:57', '2016-05-29 11:24:57'),
(18, 'DISTRIVERSA BUANA MAS, PT', 'JL. MARGAREJO INDAH NO. 28 SURABAYA', '031 - 8436251', NULL, NULL, NULL, '2016-05-29 11:24:57', '2016-05-29 11:24:57'),
(19, 'DOHO, PT', 'JL. SLAMET RIYADI NO.24 KEDIRI', '0354 - 41200', NULL, NULL, NULL, '2016-05-29 11:24:57', '2016-05-29 11:24:57'),
(20, 'DUNUNG BARU MULIA, PT', 'JL. MAYJEN SUNGKONO KOMP. WONOKITRI INDAH S.33 SURABAYA', '031 - 5673150', '031 - 5682832', NULL, NULL, '2016-05-29 11:24:57', '2016-05-29 11:24:57'),
(21, 'EDNU SURYA, PT', 'JL. NGINDEN INTAN RAYA 29 SURABAYA', '031 - 5944140', NULL, NULL, NULL, '2016-05-29 11:24:57', '2016-05-29 11:24:57'),
(22, 'EDOJERRIS, PT', 'JL. ANDALAS TENGAH NO. 23 MALANG', '0341 - 61332', NULL, NULL, NULL, '2016-05-29 11:24:57', '2016-05-29 11:24:57'),
(23, 'EKA BIMA PERKASA, PT', 'JL. JOYOBOYO NO.12 SURABAYA', NULL, NULL, NULL, NULL, '2016-05-29 11:24:57', '2016-05-29 11:24:57'),
(24, 'EKO SINDO MEGAH, PT', 'JL. JEMURSARI XI/E NO.21 SURABAYA', '031 - 830061', NULL, NULL, NULL, '2016-05-29 11:24:58', '2016-05-29 11:24:58'),
(25, 'ENSEVAL PUTERA MEGATRADING, PT', 'JL. BERBEK INDUSTRI VII/6-10 WARU SIDOARJO', '031 - 8411007', '031 - 8411029', NULL, NULL, '2016-05-29 11:24:58', '2016-05-29 11:24:58'),
(26, 'EURINDO COMBINED, PT', 'JL. GEMPLONGAN 73 SURABAYA', '031 - 5353335', NULL, NULL, NULL, '2016-05-29 11:24:58', '2016-05-29 11:24:58'),
(27, 'GADING LAKSANA UTAMA, PT', 'JL. RAYA KUTISARI INDAH BLOK R.32/79 SURABAYA', '031 - 8434858', '031 - 8497609', NULL, NULL, '2016-05-29 11:24:58', '2016-05-29 11:24:58'),
(28, 'GALA DJAJA RAYA, PT', 'JL. MANYAR KARTIKA III/1 SURABAYA', '031 - 5947095', NULL, NULL, NULL, '2016-05-29 11:24:58', '2016-05-29 11:24:58'),
(29, 'GALOEH TRADING COMPANY, PT', 'JL. SULUNG SEKOLAHAN NO. 2D-2E SURABAYA', '031 - 3533834', '031 - 3534021', NULL, NULL, '2016-05-29 11:24:58', '2016-05-29 11:24:58'),
(30, 'GARUDA NUSANTARA UTAMA FARMA, PT', 'JL. GUBENG KERTAJAYA V-A/ NO. 1 SURABAYA', '031 - 5030927', '031 - 5035272', NULL, NULL, '2016-05-29 11:24:58', '2016-05-29 11:24:58'),
(31, 'GELORA FAJAR FARMA, PT', 'JL. MARGOREJO INDAH II/A-232 SURABAYA', '031 - 8492270', '031 - 8413271', NULL, NULL, '2016-05-29 11:24:58', '2016-05-29 11:24:58'),
(32, 'GLORIA KARYA FARMA, PT', 'JL. KALIBOKOR SELATAN NO.126 SURABAYA', '031 - 57881', NULL, NULL, NULL, '2016-05-29 11:24:58', '2016-05-29 11:24:58'),
(33, 'GRACE PARTNERSHIP LTD, PT', 'JL. MANYAR TIRTO V/4 BLOK T.2 SURABAYA', '031 - 599672', NULL, NULL, NULL, '2016-05-29 11:24:58', '2016-05-29 11:24:58'),
(34, 'GRAHA HUSADA LESTARI, PT', 'JL. KENCANA SARI BARAT II/AA7 BLOK I-IV NO.14-15 SURABAYA', '031 - 5672658', '031 - 5613927', NULL, NULL, '2016-05-29 11:24:58', '2016-05-29 11:24:58'),
(35, 'GRAHA KANDHI FARMA, PT', 'JL. CIPUNEGARA 12 MALANG', NULL, NULL, NULL, NULL, '2016-05-29 11:24:58', '2016-05-29 11:24:58'),
(36, 'GREAT MATARAM, PT', 'JL. ARGOPURO NO. 56 SURABAYA', '031 - 5346405', '031 - 5467670', NULL, NULL, '2016-05-29 11:24:58', '2016-05-29 11:24:58'),
(37, 'GUNUNG SARAI, PT', 'JL. KEMBANG JEPUN NO.150/B-30 SURABAYA', '031 - 3551818', NULL, NULL, NULL, '2016-05-29 11:24:58', '2016-05-29 11:24:58'),
(38, 'HUSENA PHARMACY, PT', 'JL. J.A. SUPRAPTO NO. 62 MALANG', NULL, NULL, NULL, NULL, '2016-05-29 11:24:58', '2016-05-29 11:24:58'),
(39, 'INDAKO MURNI, PT', 'JL. MANYAR KARTOADI V NO.32-34 SURABAYA', '031 - 595396', NULL, NULL, NULL, '2016-05-29 11:24:58', '2016-05-29 11:24:58'),
(40, 'INDO MULIA ADISAKTI, PT', 'JL. GEMBONGAN NO.73 SURABAYA', '031 - 576719', NULL, NULL, NULL, '2016-05-29 11:24:58', '2016-05-29 11:24:58'),
(41, 'JAKO INDAH, PT', 'JL. PANDEGILING NO.256 A SURABAYA', '031 - 471971', NULL, NULL, NULL, '2016-05-29 11:24:58', '2016-05-29 11:24:58'),
(42, 'JALUR REJEKI, PT', 'JL. MANYAR INDAH NO.15 SURABAYA', '031 - 5946560', '031 - 5924355', NULL, NULL, '2016-05-29 11:24:58', '2016-05-29 11:24:58'),
(43, 'KALLISTA PRIMA, PT', 'JL. BILITON NO. 14 SURABAYA', '031 - 5033273', '031 - 5036410', NULL, NULL, '2016-05-29 11:24:58', '2016-05-29 11:24:58'),
(44, 'KANIGORO INDAH PERKASA, PT', 'PERT. TAMAN JENGGOLO MAS BLOK B-15 JL. SUNANDAR PRIYO SUDARMO SURABAYA', NULL, NULL, NULL, NULL, '2016-05-29 11:24:58', '2016-05-29 11:24:58'),
(45, 'KARUNIA PHARMINDO SEJATI, PT', 'JL. PACAR KEMBANG 2/109 B SURABAYA', '031 - 3810271', '031 - 3891890', NULL, NULL, '2016-05-29 11:24:58', '2016-05-29 11:24:58'),
(46, 'KARYA ASRI LESTARI, PT', 'JL. KALIBOKOR SELATAN NO.6 SURABAYA', NULL, NULL, NULL, NULL, '2016-05-29 11:24:58', '2016-05-29 11:24:58'),
(47, 'KEBAYORAN PHARMA, PT', 'JL. GUBENG POJOK NO. 25 SURABAYA', '031 - 5340977', NULL, NULL, NULL, '2016-05-29 11:24:58', '2016-05-29 11:24:58'),
(48, 'KEDIRI INDAH ABADI, PT', 'JL. BRIGJEN KATAMSO NO. 55 KEDIRI', NULL, NULL, NULL, NULL, '2016-05-29 11:24:58', '2016-05-29 11:24:58'),
(49, 'Aditya Farmatama, PT', 'Jl. Rungkut Asri Barat XII/ No. 31 Surabaya', NULL, NULL, NULL, NULL, '2016-05-29 11:24:58', '2016-05-29 11:24:58'),
(50, 'Al-Kahfi Farma, PT', 'Jl. Kali Kepiting No. 99 B Surabaya ', '031 - 3815512', '031 - 3815512', NULL, NULL, '2016-05-29 11:24:58', '2016-05-29 11:24:58'),
(51, 'Amadea Devina Farma, PT', 'Jl. Rungkut Mejoyo Utara VII/A.D-5 Surabaya', '031 - 8430359', NULL, NULL, NULL, '2016-05-29 11:24:58', '2016-05-29 11:24:58'),
(52, 'Anjasmoro Indah, PT', 'Jl. Jemur Andayani No. 50 Blok D 125-126 Surabaya', '031 - 8471551-52', '031 - 8472750', NULL, NULL, '2016-05-29 11:24:59', '2016-05-29 11:24:59'),
(53, 'Antar Mitra Sembada', 'Jl. Buring No. 6 Oro - Oro Dowo Malang ', '0341 - 352253 - 4', '0341 - 352253 - 4', NULL, NULL, '2016-05-29 11:24:59', '2016-05-29 11:24:59'),
(54, 'Antar Mitra Sembada, PT', 'Jl. Mojoklangru Kidul 227 Surabaya', '031 - 5947697', '031 - 5947697', NULL, NULL, '2016-05-29 11:24:59', '2016-05-29 11:24:59'),
(55, 'ANUGERAH PHARMINDO LESTARI, PT', 'Jl. Rungkut Industri III/18 Surabaya', '031 - 8439908-8439835, 8439674', '031 - 8439839-49', NULL, NULL, '2016-05-29 11:24:59', '2016-05-29 11:24:59'),
(56, 'Anugerah Wirastama, PT', 'Jl. Barata Jaya XVIII/37 (Lantai 1) Surabaya', '031 - 5012582', '031 - 5044032', NULL, NULL, '2016-05-29 11:24:59', '2016-05-29 11:24:59'),
(57, 'Anugrah Mitra Jaya, PT', 'Jl. Panjang Jiwo No. 46 - 48 Komp. Ruko Panji Makmur A-31 Surabaya', NULL, NULL, NULL, NULL, '2016-05-29 11:24:59', '2016-05-29 11:24:59'),
(58, 'Armek Junfa Nusantara', 'Jl. Raya Langsep No.63 Malang Phone : ( 0341 ) 61679', NULL, NULL, NULL, NULL, '2016-05-29 11:24:59', '2016-05-29 11:24:59'),
(59, 'Artistama Andalan Mandiri, PT', 'Jl. Bhakti Husada III/1 Surabaya Telp: (031) 5016575 Fax: (031) 5021990', NULL, NULL, NULL, NULL, '2016-05-29 11:24:59', '2016-05-29 11:24:59'),
(60, 'Aryaguna Cipta Sejahtera, PT', 'Jl. Rungkut Kidul IV Blok I No. 8 Surabaya', NULL, NULL, NULL, NULL, '2016-05-29 11:24:59', '2016-05-29 11:24:59'),
(61, 'Sawah besar Farma, PT', 'Jl. Barata Jaya XVIII/37 (Lantai Dasar) Surabaya Telp: (031) 5012581 Fax: (031) 5044032', NULL, NULL, NULL, NULL, '2016-05-29 11:24:59', '2016-05-29 11:24:59'),
(62, 'Astro Mega Farma, PT', 'Jl. Kendalsari Selatan No. 16 Surabaya', NULL, NULL, NULL, NULL, '2016-05-29 11:24:59', '2016-05-29 11:24:59'),
(63, 'Ayus Adhika Corporation', 'Jl. Darmo Barat Baru X No.10 Surabaya Phone : (031) 714108', NULL, NULL, NULL, NULL, '2016-05-29 11:24:59', '2016-05-29 11:24:59'),
(64, 'B eka Surya Perdana, PT', 'Jl. YKP Penjaringan Sari II B/11 Surabaya Telp: (031) 8170455', NULL, NULL, NULL, NULL, '2016-05-29 11:24:59', '2016-05-29 11:24:59'),
(65, 'Barito Budi Pharmindo', 'Jl. Jemursari Selatan VII/20-22 Surabaya Phone : (031) 8494081-82 Fax : (031) 8494083 Email : bbpsura@indonet.id', NULL, NULL, NULL, NULL, '2016-05-29 11:24:59', '2016-05-29 11:24:59'),
(66, 'Belindo Farma', 'Jl. Raya Darmo No.143 Rt 13/IV Kel Darmo - Kec Wonokromo Surabaya - 60241 Phone : (031) 5660025 Fax : (031) 5676784', NULL, NULL, NULL, NULL, '2016-05-29 11:24:59', '2016-05-29 11:24:59'),
(67, 'Benteng Gading Gemilang, PT', 'Jl. Titian No.4 Malang Telp: (0341) 488379', NULL, NULL, NULL, NULL, '2016-05-29 11:24:59', '2016-05-29 11:24:59'),
(68, 'Bhakti Persada Saudara Pharma, P', 'Jl. Pucung Sewu No. 17 Surabaya Telp: (031) 5018772', NULL, NULL, NULL, NULL, '2016-05-29 11:24:59', '2016-05-29 11:24:59'),
(69, 'Bima Perkasa Ikerima', 'Jl. Bratajaya XVIII/2 Surabaya Phone : (031) 5670953', NULL, NULL, NULL, NULL, '2016-05-29 11:24:59', '2016-05-29 11:24:59'),
(70, 'Bimala Sanjaya Megah, PT', 'Jl. Rungkut Mapan Tengah VIII/DG 16 Surabaya', NULL, NULL, NULL, NULL, '2016-05-29 11:24:59', '2016-05-29 11:24:59'),
(71, 'Bina Artha Lestari Utama, PT', 'Jl. Wiguna Timur XIII/1 Surabaya Telp: (031) 8713988', NULL, NULL, NULL, NULL, '2016-05-29 11:24:59', '2016-05-29 11:24:59'),
(72, 'Bina Farindo, PT', 'Komp. YKP Blok MA III-M / No. 31 Surabaya Telp: (031) 8707102 Fax: (031) 8707102', NULL, NULL, NULL, NULL, '2016-05-29 11:24:59', '2016-05-29 11:24:59'),
(73, 'Bina San Prima, PT', 'Jl. Retawu Ruko 43 - 44 Malang Telp: (0341) 568885 - 568886 Fax: (0341) 568887  E-mail : bspmlg@indo.net.id', NULL, NULL, NULL, NULL, '2016-05-29 11:25:00', '2016-05-29 11:25:00'),
(74, 'Bina Sarana Husada Medica, PT', 'Jl. Bratang Binangun I/34 Surabaya Telp: (031) 5020766', NULL, NULL, NULL, NULL, '2016-05-29 11:25:00', '2016-05-29 11:25:00'),
(75, 'Borsumij Wehry Indonesia', 'Jl. Raya Waru No.44 Surabaya Phone : (031) 810467', NULL, NULL, NULL, NULL, '2016-05-29 11:25:00', '2016-05-29 11:25:00'),
(76, 'Bukit Arta Guna, PT', 'Jl. H. Abdul Wahab Siamin Komplek Pertokoan Villa Bukit Mas Blok RM 19 Surabaya', NULL, NULL, NULL, NULL, '2016-05-29 11:25:00', '2016-05-29 11:25:00'),
(77, 'Buwana Nugroho Lestari, PT', 'Perum Magersari Permai Blok J-12 Sidoarjo', NULL, NULL, NULL, NULL, '2016-05-29 11:25:00', '2016-05-29 11:25:00'),
(78, 'Catur Mandiri Farma, PT', 'Jl. Jemursari II/66 Surabaya Telp: (031) 8431474', NULL, NULL, NULL, NULL, '2016-05-29 11:25:00', '2016-05-29 11:25:00'),
(79, 'Cendekia Multi Prima, PT', 'Jl. Pucang Anom Timur 34 Surabaya Telp: (031) 5027417 Fax: (031) 5023438', NULL, NULL, NULL, NULL, '2016-05-29 11:25:00', '2016-05-29 11:25:00'),
(80, 'Cendo Pratama Farma, PT', 'Jl. Mayjen Sungkono Komp. Wonokitri Indah Blok S No.33 Surabaya Telp: (031) 5673150 Fax : (031) 5673150', NULL, NULL, NULL, NULL, '2016-05-29 11:25:00', '2016-05-29 11:25:00'),
(81, 'Cipta Niaga, PT', 'Jl. Letjen Utoyo No. 119 Malang Telp: (0341) 484621  Fax: (0341) 491912 E-mail : cmn@indo net.id', NULL, NULL, NULL, NULL, '2016-05-29 11:25:00', '2016-05-29 11:25:00'),
(82, 'Citra Husada Madani, PT', 'Jl. Manyar Indah VII/12 Surabaya', NULL, NULL, NULL, NULL, '2016-05-29 11:25:00', '2016-05-29 11:25:00'),
(83, 'Daya Anugrah Dewata, PT', 'Jl. Taman Jemursari Selatan I/7 Surabaya Telp: (031) 8431152', NULL, NULL, NULL, NULL, '2016-05-29 11:25:00', '2016-05-29 11:25:00'),
(84, 'Daya Manunggal Afijaya, PT', 'Jl. Dandangan II/14A Kediri', NULL, NULL, NULL, NULL, '2016-05-29 11:25:00', '2016-05-29 11:25:00'),
(85, 'Daya Muda Agung, PT', 'Jl. Kalianak 55 P.H Surabaya Telp: (031) 7494314-15   Fax: (031) 7491549', NULL, NULL, NULL, NULL, '2016-05-29 11:25:00', '2016-05-29 11:25:00'),
(86, 'Defina Rahma, PT', 'Jl. Wisma Lidah Kulon Blok C/76 Surabaya Telp: (031) 9990467 Fax: ( 031) 5666363', NULL, NULL, NULL, NULL, '2016-05-29 11:25:00', '2016-05-29 11:25:00'),
(87, 'Djawa Maluku, PD', 'Jl. Jembatan Merah No.21 Surabaya Phone : (031) 20422 Fax : (031) 26872', NULL, NULL, NULL, NULL, '2016-05-29 11:25:00', '2016-05-29 11:25:00'),
(88, 'Doho Nauli, PT', 'Jl. Dandangan II/24 Kediri  Telp: (0354) 680239 Fax: (0354) 687292', NULL, NULL, NULL, NULL, '2016-05-29 11:25:00', '2016-05-29 11:25:00'),
(89, 'Dos Ni Roha, PT', 'Jl. Sentot Prawirodirdjo No. 81 Jember  Telp: (0331) 481100  Fax: (0331) 481100  E-mail : dnrjbr@dosniroha.com', NULL, NULL, NULL, NULL, '2016-05-29 11:25:00', '2016-05-29 11:25:00'),
(90, 'Dua Kawan Sejahtera, PT', 'Jl. Pondok Jati II Blok A1 NO. 28, Sidoarjo (Pagerwajo Rt. 32/08 Buduran, Sidoarjo, Jawa Timur', NULL, NULL, NULL, NULL, '2016-05-29 11:25:01', '2016-05-29 11:25:01'),
(91, 'Duta Dwisarana Prima, PT', 'Jl. Tapak Liman No.1 Malang Telp: (0341) 411768 Fax: (0341) 492108', NULL, NULL, NULL, NULL, '2016-05-29 11:25:01', '2016-05-29 11:25:01'),
(92, 'Dwi Marga Sakti, PT', 'Jl. Manyar Indah Blok AC/21-22 Surabaya Telp: (031) 496348 - 454657 Fax: (031) 458054', NULL, NULL, NULL, NULL, '2016-05-29 11:25:01', '2016-05-29 11:25:01'),
(93, 'Dwilandra Hida Utama, PT', 'Jl. Kapuas No.3 Malang Telp: (0341) 492657  Fax: (0341) 492657', NULL, NULL, NULL, NULL, '2016-05-29 11:25:01', '2016-05-29 11:25:01'),
(94, 'Eka Anjaya Abadi, PT', 'Jl. Kapas Krumpung No. 67 H Surabaya', NULL, NULL, NULL, NULL, '2016-05-29 11:25:01', '2016-05-29 11:25:01'),
(95, 'Ekanusa Widyatama Farma, PT', 'Jl. Dukuh Kupang Barat I-B/18 Surabaya Telp: (031) 5673763', NULL, NULL, NULL, NULL, '2016-05-29 11:25:01', '2016-05-29 11:25:01'),
(96, 'Elang Muda Nusantara, PT', 'Jl. Jemursari III/27 Surabaya Telp: (031) 8418826', NULL, NULL, NULL, NULL, '2016-05-29 11:25:01', '2016-05-29 11:25:01'),
(97, 'Enggang Mulia Nusa, PT', 'Jl. Rungkut Lor Blok RL V No. J.24 Surabaya', NULL, NULL, NULL, NULL, '2016-05-29 11:25:01', '2016-05-29 11:25:01'),
(98, 'Era Milenia Bina Harapan, PT', 'Jl. Prapen Indah Blok A/9 Surabaya Telp: (031) 8412708', NULL, NULL, NULL, NULL, '2016-05-29 11:25:01', '2016-05-29 11:25:01'),
(99, 'Famarin Ragam Sukses, PT', 'Jl. Ngaglik III/16 Surabaya Telp: (031) 5314063 Fax: (031) 5461923', NULL, NULL, NULL, NULL, '2016-05-29 11:25:01', '2016-05-29 11:25:01'),
(100, 'Fitalab Utama Karya , PT', 'Jl. Tenaga Tengah No. 5, Malang, Jawa Timur', NULL, NULL, NULL, NULL, '2016-05-29 11:25:01', '2016-05-29 11:25:01'),
(101, 'Gading Inti Medika, PT', 'Jl. HR. Muhammad 86 K (Lantai 3), Surabaya', NULL, NULL, NULL, NULL, '2016-05-29 11:25:01', '2016-05-29 11:25:01'),
(102, 'Gatra Persada, PT', 'Jl. Sambisari Kav Utara Blok F-6 Desa Sumbibulu Kec Taman Sidoarjo Telp: (031) 7887149 Fax: (031) 7887149', NULL, NULL, NULL, NULL, '2016-05-29 11:25:01', '2016-05-29 11:25:01'),
(103, 'Gembala Setia Transindo, PT', 'Jl. Jemur Sari XI/E-21 Surabaya Phone : (031) 830061', NULL, NULL, NULL, NULL, '2016-05-29 11:25:01', '2016-05-29 11:25:01'),
(104, 'Gemi Mitra Farma, PT', 'Jl. Dukuh Kupang Barat I/ 238 Surabaya Telp: (031) 5662246 - 5676896 Fax: (031) 5623982', NULL, NULL, NULL, NULL, '2016-05-29 11:25:01', '2016-05-29 11:25:01'),
(105, 'Graha Husada Lestari', 'Jl. Mayjen Sungkono, Kompl. Darmo Park II Blok IV No.14-15 Surabaya Phone : (031) 5672658 Fax : (031) 5613927 Email : ghl@indonet.id', NULL, NULL, NULL, NULL, '2016-05-29 11:25:01', '2016-05-29 11:25:01'),
(106, 'Great Pharmacon Indonesia, PT', 'Jl. Mulyosari Utara No. 51 Surabaya', NULL, NULL, NULL, NULL, '2016-05-29 11:25:01', '2016-05-29 11:25:01'),
(107, 'Guntur Misri Sentosa, PT', 'Jl. Tapak Liman No.1 Malang', NULL, NULL, NULL, NULL, '2016-05-29 11:25:01', '2016-05-29 11:25:01'),
(108, 'Hadeel Pharmindo, PT', 'Jl. Bukit Dieng Blok B1, Malang - Jawa Timur', NULL, NULL, NULL, NULL, '2016-05-29 11:25:01', '2016-05-29 11:25:01'),
(109, 'Hagia Citra Mulya , PT', 'Jl. Tenggilis Utara III/12, Surabaya', NULL, NULL, NULL, NULL, '2016-05-29 11:25:01', '2016-05-29 11:25:01'),
(110, 'Hanufi Pharmindo, PT', 'Jl. Bronggalan II-H/25 Surabaya Telp: (031) 3817670 Fax: (031) 3815643', NULL, NULL, NULL, NULL, '2016-05-29 11:25:01', '2016-05-29 11:25:01'),
(111, 'Harcel Pharmindo, PT', 'Jl. Bukit Dieng Blok B1, Malang - Jawa Timur', NULL, NULL, NULL, NULL, '2016-05-29 11:25:01', '2016-05-29 11:25:01'),
(112, 'Hari Sehat, PT', 'Jl. Genteng Kali No. 67 Surabaya', NULL, NULL, NULL, NULL, '2016-05-29 11:25:02', '2016-05-29 11:25:02'),
(113, 'Hikmat Sejati Gemilang Farma, PT', 'Jl. Raya Langsep No. 63 Malang Telp: (0341) 561679 Fax: (0341) 563245', NULL, NULL, NULL, NULL, '2016-05-29 11:25:02', '2016-05-29 11:25:02'),
(114, 'Husada Mitra Perkasa, PT', 'Jl. Pucang Anom Timur IV/12 Surabaya', NULL, NULL, NULL, NULL, '2016-05-29 11:25:02', '2016-05-29 11:25:02'),
(115, 'Husada Stamina Farma, PT', 'Jl. Jemursari No. 152 Surabaya', NULL, NULL, NULL, NULL, '2016-05-29 11:25:02', '2016-05-29 11:25:02'),
(116, 'Indofarma (Persero) Tbk, PT', 'Jl. Danau Toba B 4-6 Ruko Sawo Jajar Malang', NULL, NULL, NULL, NULL, '2016-05-29 11:25:02', '2016-05-29 11:25:02'),
(117, 'Indorukma Setiajaya, PT', 'Jl. Samanhudi No. 88 A Jember', NULL, NULL, NULL, NULL, '2016-05-29 11:25:02', '2016-05-29 11:25:02'),
(118, 'Intan Baskara Mandiri Farma, PT', 'Jl. Sultan Agung No. 12 Malang Telp: (0341) 352288 Fax: (0341) 320375', NULL, NULL, NULL, NULL, '2016-05-29 11:25:02', '2016-05-29 11:25:02'),
(119, 'Inti Mulia Farma, PT', 'Jl. Pucang Jajar No. 45 Surabaya', NULL, NULL, NULL, NULL, '2016-05-29 11:25:02', '2016-05-29 11:25:02'),
(120, 'Intisumber Hasil Sempurna, PT', 'Jl. Kencana Sari Barat I/A-4 Surabaya Telp: (031) 5684997-5684998 Fax: (031) 5674855 E-mail : ihs@indo.net.id', NULL, NULL, NULL, NULL, '2016-05-29 11:25:02', '2016-05-29 11:25:02'),
(121, 'Irma Mitra Farma, PT', 'Jl. Barata Jaya XIX/ 48 A Surabaya Telp: (031) 512513 Fax: (031) 5027347', NULL, NULL, NULL, NULL, '2016-05-29 11:25:02', '2016-05-29 11:25:02'),
(122, 'Jalur Rezeki, PT', 'Jl. Manyar Indah No.15 Surabaya Phone : (031) 5946560 Fax : (031) 5924355', NULL, NULL, NULL, NULL, '2016-05-29 11:25:02', '2016-05-29 11:25:02'),
(123, 'Junger Farma Distribusi, PT', 'JL. KERTAJAYA INDAH TIMUR I NO. 14 SURABAYA', '031-5947865', '031-5939733', NULL, NULL, '2016-05-29 11:25:02', '2016-05-29 11:25:02'),
(124, 'Kafa, PT', 'Jl. Prapanca No. 24 Pav. Surabaya', NULL, NULL, NULL, NULL, '2016-05-29 11:25:02', '2016-05-29 11:25:02'),
(125, 'Kerta Niaga, PT', 'Jl. Veteran No. 25 Atas Surabaya Phone : (031) 3521387, 352261 Fax : (031) 3551268', NULL, NULL, NULL, NULL, '2016-05-29 11:25:02', '2016-05-29 11:25:02'),
(126, 'Kharisma Arta Sarana, PT', 'Jl. Karang Wismo No.4 Surabaya', NULL, NULL, NULL, NULL, '2016-05-29 11:25:02', '2016-05-29 11:25:02'),
(127, 'Kijang Mas Jaya, PT', 'Jl. Sidorame No. 2 B Surabaya Phone : (031) 3718528 Fax : (031) 3718997', NULL, NULL, NULL, NULL, '2016-05-29 11:25:02', '2016-05-29 11:25:02'),
(128, 'Koperasi Aneka Karya "Karya Kita', 'Jl. Rungkut Industri Raya No. 6, Surabaya', NULL, NULL, NULL, NULL, '2016-05-29 11:25:02', '2016-05-29 11:25:02'),
(129, 'KPRI Husada Sejahtera, PT', 'Jl. Sumbawa No. 11 Madiun Telp: (0351) 499166  Fax: (0351) 499166', NULL, NULL, NULL, NULL, '2016-05-29 11:25:02', '2016-05-29 11:25:02'),
(130, 'Kumala Sejati Hijau, PT', 'Jl. Tenggalis Tengah I/22 Surabaya Phone : (031) 8495629', NULL, NULL, NULL, NULL, '2016-05-29 11:25:02', '2016-05-29 11:25:02'),
(131, 'Lab Medika Sejahtera, PT', 'Jl. Kemuning No. 20 / Diponegoro 38 (SK) Surabaya Telp: (031) 5354429 Fax: (031) 5464244', NULL, NULL, NULL, NULL, '2016-05-29 11:25:02', '2016-05-29 11:25:02'),
(132, 'Lady Pharmindo, PT', 'Jl. Sulawesi No. 16 A Madiun', NULL, NULL, NULL, NULL, '2016-05-29 11:25:03', '2016-05-29 11:25:03'),
(133, 'Lembu Suro, PT', 'Jl. Nangka Raya No. 11, Kamal, Bangkalan - Madura', NULL, NULL, NULL, NULL, '2016-05-29 11:25:03', '2016-05-29 11:25:03'),
(134, 'Lenko Surya Perkasa', 'Jl. Diponegoro No.162 Surabaya Phone : (031) 5677493', NULL, NULL, NULL, NULL, '2016-05-29 11:25:03', '2016-05-29 11:25:03'),
(135, 'Liz Multi Usaha', 'Jl. Arowana No.69 Jember', NULL, NULL, NULL, NULL, '2016-05-29 11:25:03', '2016-05-29 11:25:03'),
(136, 'Lucas Djaja, PT', 'Jl. Ciwastra Rt. 007/03 Kec. Margacinta', NULL, NULL, NULL, NULL, '2016-05-29 11:25:03', '2016-05-29 11:25:03'),
(137, 'Makmur Abadi Sejahtera, PT', 'Jl. Mulyosari BPD-C 49 Surabaya', NULL, NULL, NULL, NULL, '2016-05-29 11:25:03', '2016-05-29 11:25:03'),
(138, 'Marga Nusantara Jaya, PT', 'Jl. Berbek Industri Blok III/17 Surabaya Phone : (031) 8436690', NULL, NULL, NULL, NULL, '2016-05-29 11:25:03', '2016-05-29 11:25:03'),
(139, 'Martutur', 'Jl. Ngagel Madya II/22 Gubeng Surabaya', NULL, NULL, NULL, NULL, '2016-05-29 11:25:03', '2016-05-29 11:25:03'),
(140, 'Masindra Adi Surya', 'Jl. Rungkut Industri II/45 C Surabaya Phone : (031) 8412522 Fax : (031) 8412509', NULL, NULL, NULL, NULL, '2016-05-29 11:25:03', '2016-05-29 11:25:03'),
(141, 'Medicasri Jaya Farmindo', 'Jl. Raya Arjuna No.155 Surabaya', NULL, NULL, NULL, NULL, '2016-05-29 11:25:03', '2016-05-29 11:25:03'),
(142, 'Medika Sarana Bahagia, PT', 'Jl. Raya Darmo No. 131-133 (Lantai 3) Surabaya', NULL, NULL, NULL, NULL, '2016-05-29 11:25:03', '2016-05-29 11:25:03'),
(143, 'Medita Mitra Farma, PT', 'Jl. Kencanasari Barat I/A-4 Surabaya Telp: (031) 5684998 Fax: (031) 5674855', NULL, NULL, NULL, NULL, '2016-05-29 11:25:03', '2016-05-29 11:25:03'),
(144, 'Mega Eltra', 'Jl. Pahlawan No.120 Surabaya Phone : (031) 23085, 23087', NULL, NULL, NULL, NULL, '2016-05-29 11:25:03', '2016-05-29 11:25:03'),
(145, 'Mega Medika Multi Anugrah, PT', 'Jl Jemur Sari Selatan III No. 3 Surabaya', NULL, NULL, NULL, NULL, '2016-05-29 11:25:03', '2016-05-29 11:25:03'),
(146, 'Mega Unggul Farma, PT', 'Jl. Manyar Kertoarjo VIII No. 61 Surabaya Telp: (031) 5948008', NULL, NULL, NULL, NULL, '2016-05-29 11:25:03', '2016-05-29 11:25:03'),
(147, 'Mensa Bina Sukses, PT', 'Jl. Raya Kedungsari No. 46 Surabaya Phone : (031) 8418120, 8437436 Fax : (031) 8420765', NULL, NULL, NULL, NULL, '2016-05-29 11:25:03', '2016-05-29 11:25:03'),
(148, 'MILLENIUM PHARMACON INT\'L TBK, PT', 'Jl. Hamid Rusli 95 Malang Telp: (0341) 34397', NULL, NULL, NULL, NULL, '2016-05-29 11:25:03', '2016-05-29 11:25:03'),
(149, 'Montana Abadi', 'Jl. Tenggilis Utara V No.38 Surabaya Phone : (031) 830186', NULL, NULL, NULL, NULL, '2016-05-29 11:25:03', '2016-05-29 11:25:03'),
(150, 'Multi Medika Pharmasindo, PT', 'Jl. penjaringan Timur XII, Blok PL-27 (Perum Pandugo I) Surabaya Telp. 031-8796301 Fax 031-8794561 HP 0818592759', NULL, NULL, NULL, NULL, '2016-05-29 11:25:03', '2016-05-29 11:25:03'),
(151, 'Mulya Raya Puspita Sejahtera, PT', 'Jl. Wisnu Permai XII/19 Surabaya Telp: (031) 5932635', NULL, NULL, NULL, NULL, '2016-05-29 11:25:03', '2016-05-29 11:25:03'),
(152, 'Mulya Raya Puspita, PT', 'Jl. Manyar Kertoardi Raya No. 36 (Blok T. 111) Surabaya Telp: (031) 5926990 - 5927785 Fax: (031) 5945584', NULL, NULL, NULL, NULL, '2016-05-29 11:25:03', '2016-05-29 11:25:03'),
(153, 'Muvira Mulia Farma', 'Jl. Kenjeran No. 83 Surabaya Phone : (031) 3715690', NULL, NULL, NULL, NULL, '2016-05-29 11:25:04', '2016-05-29 11:25:04'),
(154, 'New Bandung Jaya, PT', 'Jl. Jemursari II No.18 Surabaya Phone : (031) 811574', NULL, NULL, NULL, NULL, '2016-05-29 11:25:04', '2016-05-29 11:25:04'),
(155, 'Nomefa, PT', 'Jl. Walikota Mustajab N0.37 Surabaya Phone : (031) 43823', NULL, NULL, NULL, NULL, '2016-05-29 11:25:04', '2016-05-29 11:25:04'),
(156, 'Nur Cahaya Farma, PT', 'Jl. Menganti Wiyung Gg. II/44 Surabaya Telp: (031) 7525673 Fax: (031) 7525673', NULL, NULL, NULL, NULL, '2016-05-29 11:25:04', '2016-05-29 11:25:04'),
(157, 'Nur Medica Farma, PT', 'Jl. Gunung Sari Indah K/2 Surabaya', NULL, NULL, NULL, NULL, '2016-05-29 11:25:04', '2016-05-29 11:25:04'),
(158, 'Pamor Baru', 'Jl. Kedungsari 45 Surabaya Phone : (031) 5340645', NULL, NULL, NULL, NULL, '2016-05-29 11:25:04', '2016-05-29 11:25:04'),
(159, 'Panca Pilar TAngguh, PT', 'Jl. Kalianget 100 Surabaya', NULL, NULL, NULL, NULL, '2016-05-29 11:25:04', '2016-05-29 11:25:04'),
(160, 'Panindya Pramengarta, PT', 'Jl. Kaliwaron III/ 8 Surabaya Telp: (031) 5994216', NULL, NULL, NULL, NULL, '2016-05-29 11:25:04', '2016-05-29 11:25:04'),
(161, 'Parit Padang, PT', 'JL. SOEKARNO-HATTA NO 70 MALANG', '0341-417111, 417555', '0341-478300', NULL, NULL, '2016-05-29 11:25:04', '2016-05-29 11:25:04'),
(162, 'Penta Valent', 'Jl. Berbek Industri V/8 Surabaya Phone : (031) 8437960-62, 8437953-55', NULL, NULL, NULL, NULL, '2016-05-29 11:25:04', '2016-05-29 11:25:04'),
(163, 'Perdana Bina Sukses, PT', 'Jl. Siwalankerto Timur III/3 Surabaya Telp: (031) 8548344 Fax: (031) 8548356 E-mail : pbsby@telkom.ne', NULL, NULL, NULL, NULL, '2016-05-29 11:25:04', '2016-05-29 11:25:04'),
(164, 'Perdana Timur Medica, PT', 'Jl. Prapen Indah F. 44-45 Surabaya Telp: (031) 8493238 - 8493974 Fax: (031) 8493239', NULL, NULL, NULL, NULL, '2016-05-29 11:25:04', '2016-05-29 11:25:04'),
(165, 'Perigi Agung, PT', 'Jl. Kusuma Bangsa No. 22 Surabaya Phone : (031) 5996217 Fax : (031) 5938464', NULL, NULL, NULL, NULL, '2016-05-29 11:25:04', '2016-05-29 11:25:04'),
(166, 'Permata Husada Lestari', 'Jl. Gayung Kebon Sari No. 46 Graha Indah F 16 Surabaya Phone : (031) 8288432 Fax : (031) 8296580', NULL, NULL, NULL, NULL, '2016-05-29 11:25:04', '2016-05-29 11:25:04'),
(167, 'Pertiwi Bangkit Farma', 'Jl. Wisma Permai Barat III/42 Surabaya Telp: (031) 5941886', NULL, NULL, NULL, NULL, '2016-05-29 11:25:04', '2016-05-29 11:25:04'),
(168, 'Pharmasi Nasional', 'Jl. Taman Jemursari Selatan I/8 Surabaya Phone : (031) 8474058, 8474059 Fax : (031) 8474058', NULL, NULL, NULL, NULL, '2016-05-29 11:25:04', '2016-05-29 11:25:04'),
(169, 'Pharmindo Rimpang Kokoh Pratama,', 'Jl. Taman Kendang Sari III No. 10 Surabaya', NULL, NULL, NULL, NULL, '2016-05-29 11:25:04', '2016-05-29 11:25:04'),
(170, 'Pharmindo Rimpang Kokoh, PT', 'Jl. Buncitan 1 A, Sedati Juanda Surabaya Telp: (031) 8913475 Fax: (031) 8915692', NULL, NULL, NULL, NULL, '2016-05-29 11:25:04', '2016-05-29 11:25:04'),
(171, 'Phinon Phalosa Farma, PT', 'Perum Tungkut Manunggal Harapan Blok H/28C Surabaya Telp: (031) 8711773', NULL, NULL, NULL, NULL, '2016-05-29 11:25:04', '2016-05-29 11:25:04'),
(172, 'Pierosca Terang Sukses Abadi', 'Jl. Simpang Darmo Permai Selatan IV/14 Surabaya', NULL, NULL, NULL, NULL, '2016-05-29 11:25:04', '2016-05-29 11:25:04'),
(173, 'Pradhana Maharta Farma', 'Jl. Bratajaya No.27 Surabaya Phone : (031) 573307', NULL, NULL, NULL, NULL, '2016-05-29 11:25:04', '2016-05-29 11:25:04'),
(174, 'Pradja Farma Hoslab', 'Jl. Darmokali No.3 Surabaya Phone : (031) 578369, 578088', NULL, NULL, NULL, NULL, '2016-05-29 11:25:04', '2016-05-29 11:25:04'),
(175, 'Pramukitra Pharma, PT', 'Jl. Kali Urang Barat No. 113 Malang Telp: (0341) 368055', NULL, NULL, NULL, NULL, '2016-05-29 11:25:04', '2016-05-29 11:25:04'),
(176, 'Prasetya Pertama Jaya Farma', 'Jl. Darmokali No. 46 Surabaya Phone : (031) 5676916', NULL, NULL, NULL, NULL, '2016-05-29 11:25:04', '2016-05-29 11:25:04'),
(177, 'Prima Alkesindo Nusantara, PT', 'Jl. Ngagel Madya VII No. 2 Surabaya Telp: (031) 5018136 Fax: (031) 5018132', NULL, NULL, NULL, NULL, '2016-05-29 11:25:04', '2016-05-29 11:25:04'),
(178, 'Prima Farmasindo Lestari, PT', 'Jl. Dharmahusada Indah Selatan III D-103 Surabaya', NULL, NULL, NULL, NULL, '2016-05-29 11:25:05', '2016-05-29 11:25:05'),
(179, 'Prima Putra Megah Sejati, PT', 'Jl. Joyoboyo No. 12 Surabaya', NULL, NULL, NULL, NULL, '2016-05-29 11:25:05', '2016-05-29 11:25:05'),
(180, 'Prima Unggul Bahagia, PT', 'Jl. Raya Panjang Jiwo Permai I A/11 Blok A-8 Surabaya', NULL, NULL, NULL, NULL, '2016-05-29 11:25:05', '2016-05-29 11:25:05'),
(181, 'Puskoveri, PT', 'Jl. Sewrayu No. 19 Surabaya Telp: (031) 5686618', NULL, NULL, NULL, NULL, '2016-05-29 11:25:05', '2016-05-29 11:25:05'),
(182, 'Putra Martajaya, PT', 'Jl. Gubeng Kertajaya VI-C No. 52 A Surabaya', NULL, NULL, NULL, NULL, '2016-05-29 11:25:05', '2016-05-29 11:25:05'),
(183, 'Putri Ramad Ayu, PT', 'Jl. Kenjeran 606-608 (lt. 2,3), Surabaya', NULL, NULL, NULL, NULL, '2016-05-29 11:25:05', '2016-05-29 11:25:05'),
(184, 'RAJAWALI NUSINDO, PT', 'JL. KARET NO. 74 SURABAYA EMAIL : RNGABY@RAD.NET.ID', '031-3538270', '031-3534131', NULL, NULL, '2016-05-29 11:25:05', '2016-05-29 11:25:05'),
(185, 'Rama Putera Mandiri', 'Jl. Embong Trengguli 20 Surabaya', NULL, NULL, NULL, NULL, '2016-05-29 11:25:05', '2016-05-29 11:25:05'),
(186, 'Rapedian Nusantara, PT', 'Jl. Kalibokor Selatan No. 33 Surabaya Telp: (031) 5018001 - 5019186 Fax: (031) 5019187', NULL, NULL, NULL, NULL, '2016-05-29 11:25:05', '2016-05-29 11:25:05'),
(187, 'Rejeki Agung Makmur, PT', 'Jl. Rungkut Lor RL 2E/26 Surabaya', NULL, NULL, NULL, NULL, '2016-05-29 11:25:05', '2016-05-29 11:25:05'),
(188, 'Rejeki Mitra Farma, PT', 'Jl. Hayam Wuruk No. 191 Jember Telp: (0331) 486349 Fax: (0331) 484705', NULL, NULL, NULL, NULL, '2016-05-29 11:25:05', '2016-05-29 11:25:05'),
(189, 'Remanibrosa Ridho Usaha, PT', 'Jl. Karangasem X/13, Surabaya', NULL, NULL, NULL, NULL, '2016-05-29 11:25:05', '2016-05-29 11:25:05'),
(190, 'Roubion Farma', 'Jl. Undaan Kulon No.109 Surabaya Phone : (031) 5317949, 5341082-5345736', NULL, NULL, NULL, NULL, '2016-05-29 11:25:05', '2016-05-29 11:25:05'),
(191, 'Ruskin Nusantara', 'Jl. Biliton No.14 Surabaya Phone : (031) 43272-46410, 47441', NULL, NULL, NULL, NULL, '2016-05-29 11:25:05', '2016-05-29 11:25:05'),
(192, 'Sadhana Mundi Sentosa, PT', 'Jl. Pelabuhan Tanjung Mas No.1 Malang Jatim', NULL, NULL, NULL, NULL, '2016-05-29 11:25:05', '2016-05-29 11:25:05'),
(193, 'Safinda Medicatama, PT', 'Jl. Margorejo Indah VII/B 803 Surabaya Telp: (031) 8433351 Fax: (031) 8433351', NULL, NULL, NULL, NULL, '2016-05-29 11:25:05', '2016-05-29 11:25:05'),
(194, 'Saka Jaya Dian Farma', 'Jl. Samudra No. 12 Surabaya', NULL, NULL, NULL, NULL, '2016-05-29 11:25:05', '2016-05-29 11:25:05'),
(195, 'Sakti Nurindo Farma', 'Jl. Rungkut Mejoyo Selatan VI/37 Surabaya', NULL, NULL, NULL, NULL, '2016-05-29 11:25:05', '2016-05-29 11:25:05'),
(196, 'Sandika Mitra', 'Jl. Mayjen Sungkono No. 196 Surabaya Phone : (031) 5622132', NULL, NULL, NULL, NULL, '2016-05-29 11:25:05', '2016-05-29 11:25:05'),
(197, 'Sanur Jaya Trading Coy', 'Jl. Kalisari III/15 G Surabaya Phone : (031) 5318821, 5468476', NULL, NULL, NULL, NULL, '2016-05-29 11:25:05', '2016-05-29 11:25:05'),
(198, 'Satria Manunggal Prima Jaya, PT', 'Jl. Kalisari III 15 D-E Surabaya', NULL, NULL, NULL, NULL, '2016-05-29 11:25:05', '2016-05-29 11:25:05'),
(199, 'Savero Farma', 'Jl. Raya Dieng No. 32 Malang', NULL, NULL, NULL, NULL, '2016-05-29 11:25:05', '2016-05-29 11:25:05'),
(200, 'Sehat Dapat Rejeki, PT', 'Jl. Siaga Blok G/18 Surabaya Telp: (031) 3570556 Fax: (031) 3570619', NULL, NULL, NULL, NULL, '2016-05-29 11:25:06', '2016-05-29 11:25:06'),
(201, 'Sehat Husada, PT', 'Jl. Raya Darmo No.50 Surabaya', NULL, NULL, NULL, NULL, '2016-05-29 11:25:06', '2016-05-29 11:25:06'),
(202, 'Sekarbik Pharmatama', 'Jl. Kutisari IX/82 Surabaya Phone : (031) 8494357', NULL, NULL, NULL, NULL, '2016-05-29 11:25:06', '2016-05-29 11:25:06'),
(203, 'Sentra Ragam Pharmadica, PT', 'Jl. Ngagel Jaya Indah I/4 Surabaya', NULL, NULL, NULL, NULL, '2016-05-29 11:25:06', '2016-05-29 11:25:06'),
(204, 'Sentrawaras Nusantara', 'Jl. Delima No.33 Surabaya', NULL, NULL, NULL, NULL, '2016-05-29 11:25:06', '2016-05-29 11:25:06'),
(205, 'Septinar Bersaudara, PT', 'Jl. Mastrip-Kedurus Ia/27 Surabaya Telp: (031) 7663022 Fax: (031) 7667059', NULL, NULL, NULL, NULL, '2016-05-29 11:25:06', '2016-05-29 11:25:06'),
(206, 'Serdid & Co.', 'Jl. Pirngadi No.11 Surabaya', NULL, NULL, NULL, NULL, '2016-05-29 11:25:06', '2016-05-29 11:25:06'),
(207, 'Seruni Adi Farmaka, PT', 'Jl. Gayungan III/16A Surabaya Telp: (031) 8299269 Fax: (031) 8296296', NULL, NULL, NULL, NULL, '2016-05-29 11:25:06', '2016-05-29 11:25:06'),
(208, 'Sinar Intermark, PT', 'Jl. Berbek Industri III/17 Surabaya Phone : (031) 8437470 Fax : (031) 8437471', NULL, NULL, NULL, NULL, '2016-05-29 11:25:06', '2016-05-29 11:25:06'),
(209, 'Sinar Rejo Farma', 'Komp Pertokoan Jemur Raya C-6 , Jl Jemursari Surabaya', NULL, NULL, NULL, NULL, '2016-05-29 11:25:06', '2016-05-29 11:25:06'),
(210, 'Sumameja Farcon', 'Jl. Dr. Sutomo No.31 Trenggalek', NULL, NULL, NULL, NULL, '2016-05-29 11:25:06', '2016-05-29 11:25:06'),
(211, 'Sumber Sehat', 'Jl. Manyar Kertoadi No. 95 Surabaya Phone : (031) 5945438, 5945458 Fax : (031) 5993861', NULL, NULL, NULL, NULL, '2016-05-29 11:25:06', '2016-05-29 11:25:06'),
(212, 'Sumbertama Astaguna, PT', 'Jl. Gubeng Kertajaya V-A/ No. 1 Surabaya Telp: (031) 5037927 Fax: (031) 5035272', NULL, NULL, NULL, NULL, '2016-05-29 11:25:06', '2016-05-29 11:25:06'),
(213, 'Sungai Liat Abadi, PT', 'Jl. Pandegiling No. 183 Surabaya', NULL, NULL, NULL, NULL, '2016-05-29 11:25:06', '2016-05-29 11:25:06'),
(214, 'Supra Usadhatama', 'Jl. Rungkut Industri VIII/39 Surabaya Phone : (031) 8430286, 8437167 Fax : (031) 8497300 Email : sutsby@indonet.id', NULL, NULL, NULL, NULL, '2016-05-29 11:25:06', '2016-05-29 11:25:06'),
(215, 'Surya Bio Perkasa, PT', 'Jl. Tenggilis Tengah I/22 Kendangsari Lt. 2 Surabaya Telp: (031) 8495629 Fax: (031) 8433840', NULL, NULL, NULL, NULL, '2016-05-29 11:25:06', '2016-05-29 11:25:06'),
(216, 'Surya Kejayan Jaya Farma', 'Jl. Sumatra No. 66 Surabaya Phone : (031) 5033476, 5032182 Fax : (031) 5031145 Email : skjfpt@indosat.ne', NULL, NULL, NULL, NULL, '2016-05-29 11:25:06', '2016-05-29 11:25:06'),
(217, 'Surya Marta Medika, PT', 'Jl. Perum Wisma Mukti B-10 Sukolilo-Surabaya', NULL, NULL, NULL, NULL, '2016-05-29 11:25:06', '2016-05-29 11:25:06'),
(218, 'Surya Medica Perkasa', 'Jl. Karang Bilang Barat No. 200 Surabaya', NULL, NULL, NULL, NULL, '2016-05-29 11:25:06', '2016-05-29 11:25:06'),
(219, 'Surya Metro Farma', 'Jl. Mayjen Sungkono No. 83 Surabaya', NULL, NULL, NULL, NULL, '2016-05-29 11:25:06', '2016-05-29 11:25:06'),
(220, 'Surya Sari Ikerima', 'Jl. Ngagel Jaya Utara No. 106 Surabaya Phone : (031) 5661275, 5675669', NULL, NULL, NULL, NULL, '2016-05-29 11:25:06', '2016-05-29 11:25:06'),
(221, 'Surya Setya Kencana', 'Jl. Argopuro No. 35 Surabaya Phone : (031) 5344438', NULL, NULL, NULL, NULL, '2016-05-29 11:25:06', '2016-05-29 11:25:06'),
(222, 'Surya Victora, PT', 'Jl. Sulung 89, Blok C. 22-23 Surabaya Telp: (031) 3555945 Fax: (031) 3559038', NULL, NULL, NULL, NULL, '2016-05-29 11:25:07', '2016-05-29 11:25:07'),
(223, 'Sutan Masterindo, PT', 'Jl. Klampis Anom No. 12 Surabaya', NULL, NULL, NULL, NULL, '2016-05-29 11:25:07', '2016-05-29 11:25:07'),
(224, 'Teguh Karya Rahardjo, PT', 'Jl. Ahmad Yani No. 8 - 10 Bondowoso Telp: (0332) 422285 Fax: (0332) 422285', NULL, NULL, NULL, NULL, '2016-05-29 11:25:07', '2016-05-29 11:25:07'),
(225, 'Telka, NV', 'Jl. Tenggalis Mejoyo Blok D/18 Surabaya  Phone : (031) 810068', NULL, NULL, NULL, NULL, '2016-05-29 11:25:07', '2016-05-29 11:25:07'),
(226, 'Tempo', 'Jl. Rungkut Industri III/1 1 Surabaya Phone : (031) 8438397', NULL, NULL, NULL, NULL, '2016-05-29 11:25:07', '2016-05-29 11:25:07'),
(227, 'Tiara Fita Generika, PT', 'Jl. Wisma Permai I/75 Surabaya', NULL, NULL, NULL, NULL, '2016-05-29 11:25:07', '2016-05-29 11:25:07'),
(228, 'Tiara Kencana', 'Jl. Raya Margorejo No.1 Surabaya Phone : (031) 837278', NULL, NULL, NULL, NULL, '2016-05-29 11:25:07', '2016-05-29 11:25:07'),
(229, 'Tiara Rucita Pharmindo, PT', 'Jl. Merpati I/12 Blok J 52 Rewwin Sidoarjo Telp: (031) 8535673 Fax: (031) 8542752', NULL, NULL, NULL, NULL, '2016-05-29 11:25:07', '2016-05-29 11:25:07'),
(230, 'Tigaka Distrindo Perkasa', 'Jl. Raya Gubeng 10 Surabaya', NULL, NULL, NULL, NULL, '2016-05-29 11:25:07', '2016-05-29 11:25:07'),
(231, 'Tira Wirajaya, PT', 'Jl. Kalianak Barat No. 55 Surabaya Phone : (031) 24329, 331823-331825', NULL, NULL, NULL, NULL, '2016-05-29 11:25:07', '2016-05-29 11:25:07'),
(232, 'Tjipta Niaga', 'Jl. Rajawali No. 54 Surabaya Phone : (031) 22475-279922, 20948', NULL, NULL, NULL, NULL, '2016-05-29 11:25:07', '2016-05-29 11:25:07'),
(233, 'Tri Bangun Husada Wirastari, PT', 'Jl. Mangkunegoro No. 6 Surabaya', NULL, NULL, NULL, NULL, '2016-05-29 11:25:07', '2016-05-29 11:25:07'),
(234, 'Tri Bina Farmindo, PT', 'Jl. Rungkut YKP Blok MA-IIIM/31 Surabaya Telp: (031) 8707102 Fax: (031) 8707102', NULL, NULL, NULL, NULL, '2016-05-29 11:25:07', '2016-05-29 11:25:07'),
(235, 'Tri Kusuma Indah', 'Jl. Raya Arjuno No.151 Surabaya Phone : (031) 45031, 47199', NULL, NULL, NULL, NULL, '2016-05-29 11:25:07', '2016-05-29 11:25:07'),
(236, 'Tri Tunggal Farmindo', 'Kompl. YKP Blok MA III-M/31 Surabaya Phone : (031) 8707102 Fax : (031) 8707102', NULL, NULL, NULL, NULL, '2016-05-29 11:25:07', '2016-05-29 11:25:07'),
(237, 'Tri Tunggal Kusuma', 'Jl. Kaliwaron No.136 Surabaya', NULL, NULL, NULL, NULL, '2016-05-29 11:25:07', '2016-05-29 11:25:07'),
(238, 'Trisula Manunggal Jaya, PT', 'Jl. Klampis Madya Utara I/40 Blok H-5 Surabaya Telp: (031) 5922989 Fax: (031) 5929908', NULL, NULL, NULL, NULL, '2016-05-29 11:25:07', '2016-05-29 11:25:07'),
(239, 'Tunggal Sila Farma', 'Jl. Nginden No.78 Surabaya Phone : (031) 5041627 Fax : (031) 5042369 Email : tsfsby@sbymega.net.id', NULL, NULL, NULL, NULL, '2016-05-29 11:25:07', '2016-05-29 11:25:07'),
(240, 'Undaan Jaya Sentosa', 'Jl. Undaan Wetan No.46 C Surabaya Phone : (031) 519269', NULL, NULL, NULL, NULL, '2016-05-29 11:25:07', '2016-05-29 11:25:07'),
(241, 'Uni Lion Farma', 'Jl. Manyar Kertoadi No.95 Komp Kertajaya Surabaya Phone : (031) 595438, 595458', NULL, NULL, NULL, NULL, '2016-05-29 11:25:08', '2016-05-29 11:25:08'),
(242, 'United Dico Citas Co Ltd', 'Jl. Sumbawa No.21 Surabaya Phone : (031) 5032268 Fax : (031) 5037577 Email : discosby@indonet.id', NULL, NULL, NULL, NULL, '2016-05-29 11:25:08', '2016-05-29 11:25:08'),
(243, 'Usaha Semesta Globalindo, PT', 'Jl. Ngagel Jaya Utara 2 Surabaya', NULL, NULL, NULL, NULL, '2016-05-29 11:25:08', '2016-05-29 11:25:08'),
(244, 'Usahatama Sentosa Mas, PT', 'Jl. Ngemplak 30 Ambengan Plaza Blok A-II Surabaya Telp: (031) 5319611 Fax: (031) 5317930 E-mail : usm-sby@indo.net.id', NULL, NULL, NULL, NULL, '2016-05-29 11:25:08', '2016-05-29 11:25:08'),
(245, 'Wahana Karya Bhakti, PT', 'Jl. Kedung Sroko No. 69-70 Surabaya Telp: (031) 5962009 Fax: (031) 5962008', NULL, NULL, NULL, NULL, '2016-05-29 11:25:08', '2016-05-29 11:25:08'),
(246, 'Wahana Sumber Medica Farma, PT', 'Jl. Rungkut Asri Timur X/ No, 12 Surabaya Telp: (031) 8722372', NULL, NULL, NULL, NULL, '2016-05-29 11:25:08', '2016-05-29 11:25:08'),
(247, 'Wahyu Mitra Sejati', 'Jl. Margahayu No. 3 Madiun', NULL, NULL, NULL, NULL, '2016-05-29 11:25:08', '2016-05-29 11:25:08'),
(248, 'Walisongo, PT', 'Jl. Anggrek No. 10 Probolinggo', NULL, NULL, NULL, NULL, '2016-05-29 11:25:08', '2016-05-29 11:25:08'),
(249, 'Waris', 'Jl. Kedungdoro No.70 H Surabaya Phone : (031) 519231, 519232', NULL, NULL, NULL, NULL, '2016-05-29 11:25:08', '2016-05-29 11:25:08'),
(250, 'Widya Satria, PT', 'Jl. Ketintang Permai Blok BB-20 Surabaya', NULL, NULL, NULL, NULL, '2016-05-29 11:25:08', '2016-05-29 11:25:08'),
(251, 'Wigo Distribusi Farmasi, PT', 'Jl. Citarum No. 5 Malang Telp: (0341) 491335 - 478889 Fax: (0341) 481099', NULL, NULL, NULL, NULL, '2016-05-29 11:25:08', '2016-05-29 11:25:08'),
(252, 'Wisma Lestari PUSKOPAD "A DAN B"', 'Jl. Adityawarman No. D.35 Surabaya Phone : (031) 5677456', NULL, NULL, NULL, NULL, '2016-05-29 11:25:08', '2016-05-29 11:25:08'),
(253, 'Yurindo Farmatama, PT', 'Jl. Pesapen Kali No. 4 Surabaya Phone : (031) 3552755, 3551297 Fax : (031) 3534261', NULL, NULL, NULL, NULL, '2016-05-29 11:25:08', '2016-05-29 11:25:08'),
(254, 'Sumber Sehat, PT', 'Jl. Manyar Kerto Adi 95, Surabaya', NULL, 'CBG', NULL, NULL, '2016-05-29 11:25:08', '2016-05-29 11:25:08'),
(255, 'Indofarma Global Medika, PT', 'Jl. Sultan Agung No 6 Malang', NULL, NULL, NULL, NULL, '2016-05-29 11:25:08', '2016-05-29 11:25:08'),
(256, 'DKSH Tunggal, PT', 'Jl. Rungkut Industri III No 32 - 32A, Surabaya, Jawa Timur', '( 031 ) 8439244', NULL, NULL, NULL, '2016-05-29 11:25:08', '2016-05-29 11:25:08'),
(257, 'Tri Sapta Jaya, PT', 'Jl. Semut Baru, Ruko Pengampon Square, Surabaya', '( 031 ) 3573464', NULL, NULL, NULL, '2016-05-29 11:25:08', '2016-05-29 11:25:08'),
(258, 'RAJAWALI NUSINDO, PT (JEMBER)', 'JL.SUMATRA NO 112A JEMBER', '0331-323052', '0331-322122', NULL, NULL, '2016-05-29 11:25:08', '2016-05-29 11:25:08'),
(259, 'DOSNI ROHA, PT', 'JL. MH THAMRIN NO 38 KEDIRI 65111', '0354-699345', '0354-699359', NULL, NULL, '2016-05-29 11:25:08', '2016-05-29 11:25:08');

-- --------------------------------------------------------

--
-- Table structure for table `kreditur_pabriks`
--

CREATE TABLE `kreditur_pabriks` (
  `kreditur_id` int(11) NOT NULL DEFAULT '0',
  `pabrik_id` int(11) NOT NULL DEFAULT '0',
  `created_at` datetime NOT NULL,
  `updated_at` datetime NOT NULL
) ENGINE=InnoDB DEFAULT CHARSET=latin1;

--
-- Dumping data for table `kreditur_pabriks`
--

INSERT INTO `kreditur_pabriks` (`kreditur_id`, `pabrik_id`, `created_at`, `updated_at`) VALUES
(1, 1, '2016-05-29 11:30:08', '2016-05-29 11:30:08'),
(1, 2, '2016-05-29 11:30:26', '2016-05-29 11:30:26'),
(1, 3, '2016-05-29 11:30:48', '2016-05-29 11:30:48'),
(1, 4, '2016-05-29 11:31:21', '2016-05-29 11:31:21'),
(1, 5, '2016-05-29 11:31:40', '2016-05-29 11:31:40'),
(1, 6, '2016-05-29 11:32:01', '2016-05-29 11:32:01'),
(1, 7, '2016-05-29 11:33:01', '2016-05-29 11:33:01'),
(1, 8, '2016-05-29 11:33:22', '2016-05-29 11:33:22'),
(1, 9, '2016-05-29 11:33:48', '2016-05-29 11:33:48'),
(7, 10, '2016-06-15 01:34:51', '2016-06-15 01:34:51'),
(10, 2, '2016-05-29 11:30:30', '2016-05-29 11:30:30'),
(12, 1, '2016-05-29 11:30:14', '2016-05-29 11:30:14'),
(19, 1, '2016-05-29 11:30:20', '2016-05-29 11:30:20'),
(37, 1, '2016-05-29 11:30:00', '2016-05-29 11:30:00'),
(69, 6, '2016-05-29 11:32:08', '2016-05-29 11:32:08'),
(70, 3, '2016-05-29 11:30:55', '2016-05-29 11:30:55'),
(70, 5, '2016-05-29 11:31:45', '2016-05-29 11:31:45'),
(71, 2, '2016-05-29 11:30:36', '2016-05-29 11:30:36'),
(73, 7, '2016-05-29 11:32:58', '2016-05-29 11:32:58'),
(75, 8, '2016-05-29 11:33:20', '2016-05-29 11:33:20'),
(78, 9, '2016-05-29 11:33:45', '2016-05-29 11:33:45'),
(79, 4, '2016-05-29 11:31:18', '2016-05-29 11:31:18'),
(79, 8, '2016-05-29 11:33:28', '2016-05-29 11:33:28'),
(81, 7, '2016-05-29 11:33:06', '2016-05-29 11:33:06'),
(96, 3, '2016-05-29 11:31:07', '2016-05-29 11:31:07'),
(96, 7, '2016-05-29 11:33:12', '2016-05-29 11:33:12'),
(97, 2, '2016-05-29 11:30:42', '2016-05-29 11:30:42'),
(97, 9, '2016-05-29 11:33:53', '2016-05-29 11:33:53'),
(106, 3, '2016-05-29 11:31:01', '2016-05-29 11:31:01'),
(110, 5, '2016-05-29 11:31:51', '2016-05-29 11:31:51'),
(120, 5, '2016-05-29 11:31:57', '2016-05-29 11:31:57'),
(124, 8, '2016-05-29 11:33:35', '2016-05-29 11:33:35'),
(156, 4, '2016-05-29 11:31:28', '2016-05-29 11:31:28'),
(161, 4, '2016-05-29 11:31:35', '2016-05-29 11:31:35'),
(170, 9, '2016-05-29 11:34:02', '2016-05-29 11:34:02'),
(207, 6, '2016-05-29 11:32:15', '2016-05-29 11:32:15'),
(238, 6, '2016-05-29 11:32:23', '2016-05-29 11:32:23');

-- --------------------------------------------------------

--
-- Table structure for table `obats`
--

CREATE TABLE `obats` (
  `obat_id` int(11) NOT NULL,
  `grup_obat_id` int(11) DEFAULT NULL,
  `generik_id` int(11) DEFAULT NULL,
  `dosage_id` int(11) DEFAULT NULL,
  `racik_id` int(11) DEFAULT NULL,
  `kategori_obat_id` int(11) DEFAULT NULL,
  `kemasan_id` int(11) DEFAULT NULL,
  `pabrik_id` int(11) DEFAULT NULL,
  `obat_name` varchar(255) DEFAULT NULL,
  `obat_minStock` int(11) DEFAULT NULL,
  `obat_hpp` int(11) DEFAULT NULL,
  `obat_hna` int(11) DEFAULT NULL,
  `obat_kons` int(11) DEFAULT NULL,
  `obat_askes` int(11) DEFAULT NULL,
  `obat_hnask` int(11) DEFAULT NULL,
  `obat_hnahppn` int(11) DEFAULT NULL,
  `obat_hnaskppn` int(11) DEFAULT NULL,
  `obat_hja` int(11) DEFAULT NULL,
  `created_at` datetime NOT NULL,
  `updated_at` datetime NOT NULL
) ENGINE=InnoDB DEFAULT CHARSET=latin1;

--
-- Dumping data for table `obats`
--

INSERT INTO `obats` (`obat_id`, `grup_obat_id`, `generik_id`, `dosage_id`, `racik_id`, `kategori_obat_id`, `kemasan_id`, `pabrik_id`, `obat_name`, `obat_minStock`, `obat_hpp`, `obat_hna`, `obat_kons`, `obat_askes`, `obat_hnask`, `obat_hnahppn`, `obat_hnaskppn`, `obat_hja`, `created_at`, `updated_at`) VALUES
(1, 4, 16, 31, 1, 3, 4, 2, 'Amoxicilin', 10, 4900, 5000, 1, 1, 4850, 5500, 5335, 5750, '2016-05-30 11:38:42', '2016-05-30 11:39:02'),
(2, 4, 20, 14, 1, 68, 2, 6, 'Asam Mefenamat', 15, 7000, 7200, 0, 1, 7150, 7700, 7500, 7700, '2016-05-30 11:44:45', '2016-05-30 11:44:45'),
(3, 4, 209, 14, 1, 132, 5, 9, 'Enervon C', 10, 8000, 8200, 1, 1, 8150, 8800, 8300, 8800, '2016-05-30 11:58:05', '2016-05-30 11:58:05'),
(4, 4, 51, 14, 1, 3, NULL, 7, 'Bacitracin', 15, 12500, 12650, 1, 1, 12000, 12800, 12500, 13000, '2016-05-31 06:20:57', '2016-05-31 06:20:57'),
(5, 4, 89, 20, 1, 104, 4, 5, 'Glibenclamide', 10, 6500, 6750, 1, 1, 6450, 6800, 6600, 6800, '2016-05-31 06:27:57', '2016-05-31 06:27:57'),
(6, 3, 55, 12, 2, 61, 8, 8, 'Morfin', 5, 45000, 45500, 1, 1, 44500, 45750, 45450, 45800, '2016-05-31 06:32:23', '2016-05-31 06:32:23'),
(7, 4, 77, 15, 1, 39, 4, 2, 'Warfarin', 10, 5500, 5550, 1, 1, 5450, 5600, 5550, 5750, '2016-05-31 06:35:01', '2016-05-31 06:35:01');

-- --------------------------------------------------------

--
-- Table structure for table `outlets`
--

CREATE TABLE `outlets` (
  `outlet_id` int(11) NOT NULL,
  `outlet_type_id` int(11) DEFAULT NULL,
  `outlet_name` varchar(255) DEFAULT NULL,
  `outlet_address` varchar(255) DEFAULT NULL,
  `outlet_phone` varchar(255) DEFAULT NULL,
  `outlet_city` varchar(255) DEFAULT NULL,
  `outlet_email` varchar(255) DEFAULT NULL,
  `outlet_fax` varchar(255) DEFAULT NULL,
  `created_at` datetime NOT NULL,
  `updated_at` datetime NOT NULL
) ENGINE=InnoDB DEFAULT CHARSET=latin1;

--
-- Dumping data for table `outlets`
--

INSERT INTO `outlets` (`outlet_id`, `outlet_type_id`, `outlet_name`, `outlet_address`, `outlet_phone`, `outlet_city`, `outlet_email`, `outlet_fax`, `created_at`, `updated_at`) VALUES
(1, 1, 'KF No. 25 Darmo', 'Jalan Darmo 2-4 ', '031-5677777', 'Surabaya', '', '', '2016-02-18 22:33:46', '2016-02-18 22:56:28'),
(2, 3, 'KF No. 26 Diponegoro', 'Jalan Diponegoro 94', '031-5677007', 'Surabaya', '', '', '2016-02-18 23:05:38', '2016-02-18 23:05:56'),
(3, 3, 'KF No. 45 Darmo Kap', 'Jalan Raya Darmo 94', '031-5678819', 'Surabaya', '', '', '2016-02-18 23:10:10', '2016-02-18 23:10:10'),
(4, 3, 'KF No. 52 Dukuh Kupang', 'Jalan Raya Dukuh Kupang 108 - 110', '031-5665755', 'Surabaya', '', '', '2016-02-18 23:11:30', '2016-02-18 23:11:30'),
(5, 3, 'KF No. 166 A. Yani Surabaya', 'Jalan A. Yani 228', '031-8291785', 'Surabaya', '', '', '2016-02-18 23:14:06', '2016-02-18 23:14:06'),
(6, 3, 'KF No. 407 Mulyosari', 'Jalan Raya Mulyosari 228', '031-5937994', 'Surabaya', '', '', '2016-05-29 09:13:09', '2016-05-29 09:13:09'),
(7, 3, 'KF No. 243 Arjuno', 'Jalan Arjuno 5', '031-5345031', 'Surabaya', '', '', '2016-05-29 09:16:04', '2016-05-29 09:16:04'),
(8, 3, 'KF No. 24 Dharmawangsa', 'Jalan Raya Dharmawangsa 24', '031-5032775', 'Surabaya', '', '', '2016-05-29 09:16:57', '2016-05-29 09:16:57'),
(9, 3, 'KF No. 22 Bratang', 'Jalan Bratang Gede 100A', '031-5016713', 'Surabaya', '', '', '2016-05-29 09:18:21', '2016-05-29 09:18:21'),
(10, 3, 'KF No. 23 Kendangsari', 'Jalan Raya Kendangsari Blk.J/7', '031-8414215', 'Surabaya', '', '', '2016-05-29 09:19:56', '2016-05-29 09:19:56'),
(11, 3, 'KF No. 35 Ngagel Jaya', 'Jalan Ngagel Jaya Selatan 109', '5049098', 'Surabaya', '', '', '2016-05-29 09:20:59', '2016-05-29 09:20:59'),
(12, 3, 'KF No. 163 Jokotole', 'Jalan Jokotole 5', '031-3091016', 'Bangkalan', '', '', '2016-05-29 09:22:16', '2016-05-29 09:22:16'),
(13, 3, 'KF No. 274 Pamekasan', 'Jalan Trunojoyo 92', '0324-611332', 'Pamekasan', '', '', '2016-05-29 09:23:13', '2016-05-29 09:23:13'),
(14, 3, 'KF No. 175 Karang Menjangan', 'Jalan Karangmenjangan 9', '031-5991991', 'Surabaya', '', '', '2016-05-29 09:24:09', '2016-05-29 09:24:09'),
(15, 3, 'KF No. 304 Perak', 'Jalan Perak Timur 166', '031-3550007', 'Surabaya', '', '', '2016-05-29 09:24:57', '2016-05-29 09:24:57'),
(16, 3, 'KF No. 419 Trunojoyo', 'Jalan Trunojoyo 75A', '031-3095459', 'Bangkalan', '', '', '2016-05-29 09:26:11', '2016-05-29 09:26:11'),
(17, 3, 'KF No. 432 Pandugo', 'Jalan Pandugo Merr 2', '', 'Surabaya', '', '', '2016-05-29 09:28:16', '2016-05-29 09:28:16'),
(18, 3, 'KF No. 459 Wiyung', 'Jalan Raya Menganti A-171,R.P.I	', '031-7668267', 'Surabaya', '', '', '2016-05-29 09:30:08', '2016-05-29 09:30:08'),
(19, 3, 'KF No. 460 G-Walk', 'Jalan Ruko Taman Gapuro B-2.G.Walk	', '031-7411121', 'Surabaya', '', '', '2016-05-29 09:31:13', '2016-05-29 09:31:13'),
(20, 3, 'KF No. 485 Ciliwung', 'Jalan Ciliwung 76', '031-5674485', 'Surabaya', '', '', '2016-05-29 09:32:09', '2016-05-29 09:32:09'),
(21, 3, 'KF No. 511 Klampis', 'Jalan Klampis Jaya A-30', '031-5926293', 'Surabaya', '', '', '2016-05-29 09:33:05', '2016-05-29 09:33:05'),
(22, 3, 'KF No. 526 Rungkut', 'Jalan Rungkut Madya 99', '031-8721059', 'Surabaya', '', '', '2016-05-29 09:33:49', '2016-05-29 09:33:49'),
(23, 3, 'KF Manukan', 'Jalan Manukan Tama No 79', '031-7416880', 'Surabaya', '', '', '2016-05-29 09:35:23', '2016-05-29 09:35:23'),
(24, 3, 'KF Darmo Indah', 'Jalan Darmo Indah Timur Blok SS 8', '031-7312414', 'Surabaya', '', '', '2016-05-29 09:36:29', '2016-05-29 09:36:29'),
(25, 3, 'KF Lontar', 'Jalan Raya Lontar Blok PAL 35', '', 'Surabaya', '', '', '2016-05-29 09:38:26', '2016-05-29 09:38:26'),
(26, 3, 'KF Kalibokor', 'Jalan Raya Ngagel Jaya 1', '031-99005447', 'Surabaya', '', '', '2016-05-29 09:39:51', '2016-05-29 09:39:51');

-- --------------------------------------------------------

--
-- Table structure for table `outlet_types`
--

CREATE TABLE `outlet_types` (
  `otype_id` int(11) NOT NULL,
  `otype_name` varchar(255) DEFAULT NULL,
  `created_at` datetime NOT NULL,
  `updated_at` datetime NOT NULL
) ENGINE=InnoDB DEFAULT CHARSET=latin1;

--
-- Dumping data for table `outlet_types`
--

INSERT INTO `outlet_types` (`otype_id`, `otype_name`, `created_at`, `updated_at`) VALUES
(1, 'BM Pusat', '2016-02-04 13:00:28', '2016-02-04 13:00:28'),
(3, 'APP Apotik', '2016-02-04 13:01:19', '2016-02-04 13:01:19');

-- --------------------------------------------------------

--
-- Table structure for table `pabriks`
--

CREATE TABLE `pabriks` (
  `pabrik_id` int(11) NOT NULL,
  `pabrik_name` varchar(255) DEFAULT NULL,
  `created_at` datetime NOT NULL,
  `updated_at` datetime NOT NULL
) ENGINE=InnoDB DEFAULT CHARSET=latin1;

--
-- Dumping data for table `pabriks`
--

INSERT INTO `pabriks` (`pabrik_id`, `pabrik_name`, `created_at`, `updated_at`) VALUES
(1, 'Kalbe Farma', '2016-02-03 11:02:19', '2016-02-03 11:02:19'),
(2, 'Interbat', '2016-02-03 11:02:27', '2016-02-03 11:02:27'),
(3, 'Dutafarma Jaya', '2016-05-29 11:28:57', '2016-05-29 11:28:57'),
(4, 'Kaliroto', '2016-05-29 11:29:10', '2016-05-29 11:29:10'),
(5, 'Kasa Husada', '2016-05-29 11:29:18', '2016-05-29 11:29:18'),
(6, 'Kembang Bulan', '2016-05-29 11:29:31', '2016-05-29 11:29:31'),
(7, 'Pari Anom', '2016-05-29 11:29:36', '2016-05-29 11:29:36'),
(8, 'Sandai Farma', '2016-05-29 11:29:47', '2016-05-29 11:29:47'),
(9, 'USFI', '2016-05-29 11:29:50', '2016-05-29 11:29:50'),
(10, 'Coronet Crown Pharmaceutical', '2016-06-12 22:43:05', '2016-06-12 22:43:05');

-- --------------------------------------------------------

--
-- Table structure for table `positions`
--

CREATE TABLE `positions` (
  `position_id` int(11) NOT NULL,
  `position_name` varchar(255) DEFAULT NULL,
  `created_at` datetime NOT NULL,
  `updated_at` datetime NOT NULL
) ENGINE=InnoDB DEFAULT CHARSET=latin1;

--
-- Dumping data for table `positions`
--

INSERT INTO `positions` (`position_id`, `position_name`, `created_at`, `updated_at`) VALUES
(1, 'Manager Area', '2016-04-07 17:03:08', '2016-04-07 17:03:08'),
(2, 'Supervisor TI', '2016-04-07 17:11:12', '2016-04-07 17:11:12'),
(3, 'Staff Pengadaan', '2016-04-07 17:11:23', '2016-04-07 17:11:23'),
(4, 'Kabag Gudang', '2016-04-07 17:11:35', '2016-04-07 17:11:35'),
(5, 'Staff Gudang', '2016-04-07 17:11:40', '2016-04-07 17:11:40');

-- --------------------------------------------------------

--
-- Table structure for table `raciks`
--

CREATE TABLE `raciks` (
  `racik_id` int(11) NOT NULL,
  `racik_name` varchar(255) DEFAULT NULL,
  `created_at` datetime NOT NULL,
  `updated_at` datetime NOT NULL
) ENGINE=InnoDB DEFAULT CHARSET=latin1;

--
-- Dumping data for table `raciks`
--

INSERT INTO `raciks` (`racik_id`, `racik_name`, `created_at`, `updated_at`) VALUES
(1, 'Kapsul', '2016-02-03 13:40:05', '2016-02-03 13:40:05'),
(2, 'Puyer', '2016-02-03 13:40:15', '2016-02-03 13:40:15'),
(3, 'Salep', '2016-02-03 13:40:19', '2016-02-03 13:40:19'),
(4, 'Larutan Luar', '2016-02-03 13:40:26', '2016-02-03 13:40:26'),
(5, 'Larutan Dalam', '2016-02-03 13:40:32', '2016-02-03 13:40:32'),
(6, 'Suppositoria', '2016-02-03 13:40:44', '2016-02-03 13:40:44'),
(7, 'Bedak', '2016-02-03 13:40:51', '2016-02-03 13:40:51');

-- --------------------------------------------------------

--
-- Table structure for table `roles`
--

CREATE TABLE `roles` (
  `role_id` int(11) NOT NULL,
  `role_name` varchar(255) DEFAULT NULL,
  `role_desc` text,
  `created_at` datetime NOT NULL,
  `updated_at` datetime NOT NULL
) ENGINE=InnoDB DEFAULT CHARSET=latin1;

--
-- Dumping data for table `roles`
--

INSERT INTO `roles` (`role_id`, `role_name`, `role_desc`, `created_at`, `updated_at`) VALUES
(1, 'Admin', 'Admin dapat melakukan CRUD pada semua tabel', '2016-04-07 17:43:16', '2016-04-07 17:43:16'),
(2, 'Manager', 'Manager dapat melihat laporan periodik dari tiap transaksi', '2016-04-07 17:48:21', '2016-04-07 17:48:21'),
(3, 'Pengadaan', 'Pengadaan dapat melakukan pemesanan obat ke outlet lain', '2016-04-08 03:01:44', '2016-04-08 03:01:44'),
(4, 'Gudang', 'Gudang dapat memberikan obat sesuai permintaan dan persediaan outlet peminta', '2016-04-08 03:03:49', '2016-04-08 03:03:49'),
(5, 'Admin Gudang', 'Khusus untuk Kabag Gudang, sehingga dapat memantau transaksi permintaan dan dropping', '2016-06-20 10:02:09', '2016-06-20 10:02:09');

-- --------------------------------------------------------

--
-- Table structure for table `schema_migrations`
--

CREATE TABLE `schema_migrations` (
  `version` varchar(255) NOT NULL
) ENGINE=InnoDB DEFAULT CHARSET=latin1;

--
-- Dumping data for table `schema_migrations`
--

INSERT INTO `schema_migrations` (`version`) VALUES
('20160130142548'),
('20160131141417'),
('20160203082127'),
('20160203090910'),
('20160203092052'),
('20160203104645'),
('20160203110742'),
('20160203130405'),
('20160203134613'),
('20160203141504'),
('20160203190425'),
('20160206135511'),
('20160215051122'),
('20160218231847'),
('20160219080929'),
('20160403084054'),
('20160407083906'),
('20160407172412'),
('20160408053904'),
('20160408054904'),
('20160418024553'),
('20160425034446'),
('20160529070939'),
('20160529072257'),
('20160531080450'),
('20160531081928'),
('20160531082416'),
('20160531171730'),
('20160601030825'),
('20160601061439'),
('20160601075236'),
('20160609151132'),
('20160611034021'),
('20160611034940'),
('20160611040825'),
('20160611041700'),
('20160611050653'),
('20160614174308'),
('20160615183601'),
('20160616042915'),
('20160617100305'),
('20160617153841'),
('20160710125053'),
('20160723183505'),
('20161010072400');

-- --------------------------------------------------------

--
-- Table structure for table `stocks`
--

CREATE TABLE `stocks` (
  `stock_id` int(11) NOT NULL,
  `stok_qty` int(11) DEFAULT NULL,
  `outlet_id` int(11) DEFAULT NULL,
  `obat_id` int(11) DEFAULT NULL,
  `created_at` datetime NOT NULL,
  `updated_at` datetime NOT NULL
) ENGINE=InnoDB DEFAULT CHARSET=latin1;

--
-- Dumping data for table `stocks`
--

INSERT INTO `stocks` (`stock_id`, `stok_qty`, `outlet_id`, `obat_id`, `created_at`, `updated_at`) VALUES
(1, 30, 10, 2, '2016-05-31 06:36:37', '2016-05-31 06:36:37'),
(2, 50, 14, 5, '2016-05-31 06:37:13', '2016-05-31 06:37:13'),
(3, 25, 10, 1, '2016-05-31 06:37:39', '2016-05-31 06:37:39'),
(4, 20, 10, 3, '2016-05-31 06:38:12', '2016-05-31 06:38:12'),
(5, 12, 1, 1, '2016-05-31 06:57:08', '2016-10-13 16:01:48'),
(6, 15, 2, 1, '2016-05-31 06:57:09', '2016-05-31 06:57:09'),
(7, 15, 3, 1, '2016-05-31 06:57:09', '2016-05-31 06:57:09'),
(8, 15, 4, 1, '2016-05-31 06:57:09', '2016-05-31 06:57:09'),
(9, 15, 5, 1, '2016-05-31 06:57:09', '2016-05-31 06:57:09'),
(10, 15, 6, 1, '2016-05-31 06:57:09', '2016-05-31 06:57:09'),
(11, 15, 7, 1, '2016-05-31 06:57:09', '2016-05-31 06:57:09'),
(12, 15, 8, 1, '2016-05-31 06:57:09', '2016-05-31 06:57:09'),
(13, 15, 9, 1, '2016-05-31 06:57:09', '2016-05-31 06:57:09'),
(14, 15, 11, 1, '2016-05-31 07:01:33', '2016-05-31 07:01:33'),
(15, 11, 12, 1, '2016-05-31 07:01:33', '2016-07-18 00:51:46'),
(16, 15, 13, 1, '2016-05-31 07:01:33', '2016-05-31 07:01:33'),
(17, 15, 14, 1, '2016-05-31 07:01:33', '2016-05-31 07:01:33'),
(18, 15, 15, 1, '2016-05-31 07:01:33', '2016-05-31 07:01:33'),
(19, 35, 16, 1, '2016-05-31 07:01:33', '2016-10-09 17:23:28'),
(20, 15, 17, 1, '2016-05-31 07:01:33', '2016-05-31 07:01:33'),
(21, 15, 18, 1, '2016-05-31 07:01:33', '2016-05-31 07:01:33'),
(22, 15, 19, 1, '2016-05-31 07:01:33', '2016-05-31 07:01:33'),
(23, 15, 20, 1, '2016-05-31 07:01:33', '2016-05-31 07:01:33'),
(24, 15, 21, 1, '2016-05-31 07:01:33', '2016-05-31 07:01:33'),
(25, 15, 22, 1, '2016-05-31 07:01:33', '2016-05-31 07:01:33'),
(26, 15, 23, 1, '2016-05-31 07:01:33', '2016-05-31 07:01:33'),
(27, 15, 24, 1, '2016-05-31 07:01:33', '2016-05-31 07:01:33'),
(28, 15, 25, 1, '2016-05-31 07:01:33', '2016-05-31 07:01:33'),
(29, 15, 26, 1, '2016-05-31 07:01:33', '2016-05-31 07:01:33'),
(30, 26, 1, 2, '2016-05-31 07:08:33', '2016-10-11 05:20:46'),
(31, 30, 2, 2, '2016-05-31 07:08:33', '2016-05-31 07:08:33'),
(32, 30, 3, 2, '2016-05-31 07:08:33', '2016-05-31 07:08:33'),
(33, 28, 4, 2, '2016-05-31 07:08:33', '2016-05-31 07:08:33'),
(34, 30, 5, 2, '2016-05-31 07:08:33', '2016-05-31 07:08:33'),
(35, 30, 6, 2, '2016-05-31 07:08:33', '2016-05-31 07:08:33'),
(36, 28, 7, 2, '2016-05-31 07:08:33', '2016-05-31 07:08:33'),
(37, 30, 8, 2, '2016-05-31 07:08:34', '2016-05-31 07:08:34'),
(38, 30, 9, 2, '2016-05-31 07:08:34', '2016-05-31 07:08:34'),
(39, 30, 11, 2, '2016-05-31 07:08:34', '2016-05-31 07:08:34'),
(40, 30, 12, 2, '2016-05-31 07:08:34', '2016-05-31 07:08:34'),
(41, 28, 13, 2, '2016-05-31 07:08:34', '2016-05-31 07:08:34'),
(42, 30, 14, 2, '2016-05-31 07:08:34', '2016-05-31 07:08:34'),
(43, 30, 15, 2, '2016-05-31 07:08:34', '2016-05-31 07:08:34'),
(44, 34, 16, 2, '2016-05-31 07:08:34', '2016-10-11 12:03:48'),
(45, 30, 17, 2, '2016-05-31 07:08:34', '2016-05-31 07:08:34'),
(46, 30, 18, 2, '2016-05-31 07:08:34', '2016-05-31 07:08:34'),
(47, 28, 19, 2, '2016-05-31 07:08:34', '2016-05-31 07:08:34'),
(48, 30, 20, 2, '2016-05-31 07:08:34', '2016-05-31 07:08:34'),
(49, 30, 21, 2, '2016-05-31 07:08:34', '2016-05-31 07:08:34'),
(50, 28, 22, 2, '2016-05-31 07:08:34', '2016-05-31 07:08:34'),
(51, 30, 23, 2, '2016-05-31 07:08:34', '2016-05-31 07:08:34'),
(52, 30, 24, 2, '2016-05-31 07:08:34', '2016-05-31 07:08:34'),
(53, 28, 25, 2, '2016-05-31 07:08:34', '2016-05-31 07:08:34'),
(54, 28, 26, 2, '2016-05-31 07:08:35', '2016-05-31 07:08:35'),
(55, 20, 1, 3, '2016-05-31 07:09:02', '2016-05-31 07:09:02'),
(56, 20, 2, 3, '2016-05-31 07:09:03', '2016-05-31 07:09:03'),
(57, 20, 3, 3, '2016-05-31 07:09:03', '2016-05-31 07:09:03'),
(58, 20, 4, 3, '2016-05-31 07:09:03', '2016-05-31 07:09:03'),
(59, 20, 5, 3, '2016-05-31 07:09:03', '2016-05-31 07:09:03'),
(60, 10, 6, 3, '2016-05-31 07:09:03', '2016-05-31 07:09:03'),
(61, 20, 7, 3, '2016-05-31 07:09:03', '2016-05-31 07:09:03'),
(62, 20, 8, 3, '2016-05-31 07:09:03', '2016-05-31 07:09:03'),
(63, 20, 9, 3, '2016-05-31 07:09:03', '2016-05-31 07:09:03'),
(64, 20, 11, 3, '2016-05-31 07:09:03', '2016-05-31 07:09:03'),
(65, 10, 12, 3, '2016-05-31 07:09:03', '2016-07-18 00:51:46'),
(66, 20, 13, 3, '2016-05-31 07:09:03', '2016-05-31 07:09:03'),
(67, 20, 14, 3, '2016-05-31 07:09:03', '2016-05-31 07:09:03'),
(68, 20, 15, 3, '2016-05-31 07:09:03', '2016-05-31 07:09:03'),
(69, 60, 16, 3, '2016-05-31 07:09:03', '2016-10-09 17:23:28'),
(70, 20, 17, 3, '2016-05-31 07:09:03', '2016-05-31 07:09:03'),
(71, 20, 18, 3, '2016-05-31 07:09:03', '2016-05-31 07:09:03'),
(72, 20, 19, 3, '2016-05-31 07:09:03', '2016-05-31 07:09:03'),
(73, 20, 20, 3, '2016-05-31 07:09:03', '2016-05-31 07:09:03'),
(74, 20, 21, 3, '2016-05-31 07:09:03', '2016-05-31 07:09:03'),
(75, 20, 22, 3, '2016-05-31 07:09:03', '2016-05-31 07:09:03'),
(76, 20, 23, 3, '2016-05-31 07:09:03', '2016-05-31 07:09:03'),
(77, 20, 24, 3, '2016-05-31 07:09:03', '2016-05-31 07:09:03'),
(78, 20, 25, 3, '2016-05-31 07:09:03', '2016-05-31 07:09:03'),
(79, 20, 26, 3, '2016-05-31 07:09:03', '2016-05-31 07:09:03'),
(80, 16, 1, 4, '2016-05-31 07:09:52', '2016-10-11 05:20:46'),
(81, 20, 2, 4, '2016-05-31 07:09:52', '2016-05-31 07:09:52'),
(82, 20, 3, 4, '2016-05-31 07:09:52', '2016-05-31 07:09:52'),
(83, 28, 4, 4, '2016-05-31 07:09:52', '2016-05-31 07:09:52'),
(84, 30, 5, 4, '2016-05-31 07:09:52', '2016-05-31 07:09:52'),
(85, 10, 6, 4, '2016-05-31 07:09:52', '2016-05-31 07:09:52'),
(86, 28, 7, 4, '2016-05-31 07:09:52', '2016-05-31 07:09:52'),
(87, 30, 8, 4, '2016-05-31 07:09:52', '2016-05-31 07:09:52'),
(88, 30, 9, 4, '2016-05-31 07:09:52', '2016-05-31 07:09:52'),
(89, 28, 10, 4, '2016-05-31 07:09:52', '2016-05-31 07:09:52'),
(90, 30, 11, 4, '2016-05-31 07:09:52', '2016-05-31 07:09:52'),
(91, 30, 12, 4, '2016-05-31 07:09:52', '2016-05-31 07:09:52'),
(92, 28, 13, 4, '2016-05-31 07:09:52', '2016-05-31 07:09:52'),
(93, 30, 14, 4, '2016-05-31 07:09:53', '2016-05-31 07:09:53'),
(94, 30, 15, 4, '2016-05-31 07:09:53', '2016-05-31 07:09:53'),
(95, 40, 16, 4, '2016-05-31 07:09:53', '2016-10-11 12:03:48'),
(96, 30, 17, 4, '2016-05-31 07:09:53', '2016-05-31 07:09:53'),
(97, 30, 18, 4, '2016-05-31 07:09:53', '2016-05-31 07:09:53'),
(98, 28, 19, 4, '2016-05-31 07:09:53', '2016-05-31 07:09:53'),
(99, 30, 20, 4, '2016-05-31 07:09:53', '2016-05-31 07:09:53'),
(100, 30, 21, 4, '2016-05-31 07:09:53', '2016-05-31 07:09:53'),
(101, 28, 22, 4, '2016-05-31 07:09:53', '2016-05-31 07:09:53'),
(102, 30, 23, 4, '2016-05-31 07:09:53', '2016-05-31 07:09:53'),
(103, 30, 24, 4, '2016-05-31 07:09:53', '2016-05-31 07:09:53'),
(104, 28, 25, 4, '2016-05-31 07:09:53', '2016-05-31 07:09:53'),
(105, 28, 26, 4, '2016-05-31 07:09:53', '2016-05-31 07:09:53'),
(106, 20, 1, 5, '2016-05-31 07:10:29', '2016-05-31 07:10:29'),
(107, 20, 2, 5, '2016-05-31 07:10:29', '2016-05-31 07:10:29'),
(108, 20, 3, 5, '2016-05-31 07:10:30', '2016-05-31 07:10:30'),
(109, 28, 4, 5, '2016-05-31 07:10:30', '2016-05-31 07:10:30'),
(110, 30, 5, 5, '2016-05-31 07:10:30', '2016-05-31 07:10:30'),
(111, 10, 6, 5, '2016-05-31 07:10:30', '2016-05-31 07:10:30'),
(112, 28, 7, 5, '2016-05-31 07:10:30', '2016-05-31 07:10:30'),
(113, 30, 8, 5, '2016-05-31 07:10:30', '2016-05-31 07:10:30'),
(114, 30, 9, 5, '2016-05-31 07:10:30', '2016-05-31 07:10:30'),
(115, 28, 10, 5, '2016-05-31 07:10:30', '2016-05-31 07:10:30'),
(116, 30, 11, 5, '2016-05-31 07:10:30', '2016-05-31 07:10:30'),
(117, 30, 12, 5, '2016-05-31 07:10:30', '2016-05-31 07:10:30'),
(118, 28, 13, 5, '2016-05-31 07:10:30', '2016-05-31 07:10:30'),
(119, 30, 15, 5, '2016-05-31 07:10:30', '2016-05-31 07:10:30'),
(120, 28, 16, 5, '2016-05-31 07:10:30', '2016-10-09 17:23:28'),
(121, 30, 17, 5, '2016-05-31 07:10:30', '2016-05-31 07:10:30'),
(122, 30, 18, 5, '2016-05-31 07:10:30', '2016-05-31 07:10:30'),
(123, 28, 19, 5, '2016-05-31 07:10:30', '2016-05-31 07:10:30'),
(124, 30, 20, 5, '2016-05-31 07:10:30', '2016-05-31 07:10:30'),
(125, 30, 21, 5, '2016-05-31 07:10:30', '2016-05-31 07:10:30'),
(126, 28, 22, 5, '2016-05-31 07:10:30', '2016-05-31 07:10:30'),
(127, 30, 23, 5, '2016-05-31 07:10:30', '2016-05-31 07:10:30'),
(128, 30, 24, 5, '2016-05-31 07:10:30', '2016-05-31 07:10:30'),
(129, 28, 25, 5, '2016-05-31 07:10:30', '2016-05-31 07:10:30'),
(130, 28, 26, 5, '2016-05-31 07:10:30', '2016-05-31 07:10:30'),
(131, 20, 1, 6, '2016-05-31 07:10:55', '2016-05-31 07:10:55'),
(132, 20, 2, 6, '2016-05-31 07:10:55', '2016-05-31 07:10:55'),
(133, 20, 3, 6, '2016-05-31 07:10:55', '2016-05-31 07:10:55'),
(134, 28, 4, 6, '2016-05-31 07:10:55', '2016-05-31 07:10:55'),
(135, 30, 5, 6, '2016-05-31 07:10:55', '2016-05-31 07:10:55'),
(136, 30, 6, 6, '2016-05-31 07:10:55', '2016-05-31 07:10:55'),
(137, 28, 7, 6, '2016-05-31 07:10:55', '2016-05-31 07:10:55'),
(138, 30, 8, 6, '2016-05-31 07:10:55', '2016-05-31 07:10:55'),
(139, 30, 9, 6, '2016-05-31 07:10:55', '2016-05-31 07:10:55'),
(140, 28, 10, 6, '2016-05-31 07:10:55', '2016-05-31 07:10:55'),
(141, 30, 11, 6, '2016-05-31 07:10:55', '2016-05-31 07:10:55'),
(142, 30, 12, 6, '2016-05-31 07:10:55', '2016-05-31 07:10:55'),
(143, 28, 13, 6, '2016-05-31 07:10:55', '2016-05-31 07:10:55'),
(144, 30, 14, 6, '2016-05-31 07:10:55', '2016-05-31 07:10:55'),
(145, 30, 15, 6, '2016-05-31 07:10:55', '2016-05-31 07:10:55'),
(146, 28, 16, 6, '2016-05-31 07:10:55', '2016-05-31 07:10:55'),
(147, 30, 17, 6, '2016-05-31 07:10:55', '2016-05-31 07:10:55'),
(148, 30, 18, 6, '2016-05-31 07:10:55', '2016-05-31 07:10:55'),
(149, 28, 19, 6, '2016-05-31 07:10:55', '2016-05-31 07:10:55'),
(150, 30, 20, 6, '2016-05-31 07:10:55', '2016-05-31 07:10:55'),
(151, 30, 21, 6, '2016-05-31 07:10:56', '2016-05-31 07:10:56'),
(152, 28, 22, 6, '2016-05-31 07:10:56', '2016-05-31 07:10:56'),
(153, 30, 23, 6, '2016-05-31 07:10:56', '2016-05-31 07:10:56'),
(154, 30, 24, 6, '2016-05-31 07:10:56', '2016-05-31 07:10:56'),
(155, 28, 25, 6, '2016-05-31 07:10:56', '2016-05-31 07:10:56'),
(156, 28, 26, 6, '2016-05-31 07:10:56', '2016-05-31 07:10:56'),
(157, 12, 1, 7, '2016-05-31 07:11:36', '2016-10-13 16:01:48'),
(158, 20, 2, 7, '2016-05-31 07:11:36', '2016-05-31 07:11:36'),
(159, 20, 3, 7, '2016-05-31 07:11:36', '2016-05-31 07:11:36'),
(160, 28, 4, 7, '2016-05-31 07:11:37', '2016-05-31 07:11:37'),
(161, 30, 5, 7, '2016-05-31 07:11:37', '2016-05-31 07:11:37'),
(162, 30, 6, 7, '2016-05-31 07:11:37', '2016-05-31 07:11:37'),
(163, 28, 7, 7, '2016-05-31 07:11:37', '2016-05-31 07:11:37'),
(164, 15, 8, 7, '2016-05-31 07:11:37', '2016-05-31 07:11:37'),
(165, 15, 9, 7, '2016-05-31 07:11:37', '2016-05-31 07:11:37'),
(166, 15, 10, 7, '2016-05-31 07:11:37', '2016-05-31 07:11:37'),
(167, 15, 11, 7, '2016-05-31 07:11:37', '2016-05-31 07:11:37'),
(168, 15, 12, 7, '2016-05-31 07:11:37', '2016-05-31 07:11:37'),
(169, 28, 13, 7, '2016-05-31 07:11:37', '2016-05-31 07:11:37'),
(170, 30, 14, 7, '2016-05-31 07:11:37', '2016-05-31 07:11:37'),
(171, 30, 15, 7, '2016-05-31 07:11:37', '2016-05-31 07:11:37'),
(172, 28, 16, 7, '2016-05-31 07:11:37', '2016-05-31 07:11:37'),
(173, 30, 17, 7, '2016-05-31 07:11:37', '2016-05-31 07:11:37'),
(174, 30, 18, 7, '2016-05-31 07:11:37', '2016-05-31 07:11:37'),
(175, 15, 19, 7, '2016-05-31 07:11:37', '2016-05-31 07:11:37'),
(176, 15, 20, 7, '2016-05-31 07:11:37', '2016-05-31 07:11:37'),
(177, 15, 21, 7, '2016-05-31 07:11:37', '2016-05-31 07:11:37'),
(178, 15, 22, 7, '2016-05-31 07:11:37', '2016-05-31 07:11:37'),
(179, 15, 23, 7, '2016-05-31 07:11:37', '2016-05-31 07:11:37'),
(180, 30, 24, 7, '2016-05-31 07:11:37', '2016-05-31 07:11:37'),
(181, 28, 25, 7, '2016-05-31 07:11:37', '2016-05-31 07:11:37'),
(182, 28, 26, 7, '2016-05-31 07:11:37', '2016-05-31 07:11:37');

-- --------------------------------------------------------

--
-- Table structure for table `transaksis`
--

CREATE TABLE `transaksis` (
  `transaksi_id` int(11) NOT NULL,
  `trans_status` int(11) DEFAULT NULL,
  `sender_id` int(11) DEFAULT NULL,
  `receiver_id` int(11) DEFAULT NULL,
  `created_at` datetime NOT NULL,
  `updated_at` datetime NOT NULL,
  `asked_at` datetime DEFAULT NULL,
  `dropped_at` datetime DEFAULT NULL,
  `accepted_at` datetime DEFAULT NULL
) ENGINE=InnoDB DEFAULT CHARSET=latin1;

--
-- Dumping data for table `transaksis`
--

INSERT INTO `transaksis` (`transaksi_id`, `trans_status`, `sender_id`, `receiver_id`, `created_at`, `updated_at`, `asked_at`, `dropped_at`, `accepted_at`) VALUES
(1, 3, 16, 12, '2016-06-21 17:19:07', '2016-10-09 17:23:28', '2016-06-21 17:19:07', '2016-07-26 00:50:36', '2016-10-09 17:23:28'),
(2, 2, 6, 14, '2016-06-30 12:06:11', '2016-10-13 16:01:48', '2016-10-13 15:56:39', '2016-10-13 16:01:48', NULL),
(3, 3, 16, 1, '2016-10-10 18:54:16', '2016-10-11 12:03:48', '2016-10-10 18:54:16', '2016-10-11 05:20:46', '2016-10-11 12:03:48'),
(4, NULL, 16, 26, '2016-10-10 23:34:07', '2016-10-10 23:34:07', NULL, NULL, NULL);

-- --------------------------------------------------------

--
-- Table structure for table `users`
--

CREATE TABLE `users` (
  `user_id` int(11) NOT NULL,
  `role_id` int(11) DEFAULT NULL,
  `position_id` int(11) DEFAULT NULL,
  `user_username` varchar(255) DEFAULT NULL,
  `user_name` varchar(255) DEFAULT NULL,
  `user_address` varchar(255) DEFAULT NULL,
  `user_phone` varchar(255) DEFAULT NULL,
  `created_at` datetime NOT NULL,
  `updated_at` datetime NOT NULL,
  `email` varchar(255) NOT NULL DEFAULT '',
  `encrypted_password` varchar(255) NOT NULL DEFAULT '',
  `reset_password_token` varchar(255) DEFAULT NULL,
  `reset_password_sent_at` datetime DEFAULT NULL,
  `remember_created_at` datetime DEFAULT NULL,
  `sign_in_count` int(11) NOT NULL DEFAULT '0',
  `current_sign_in_at` datetime DEFAULT NULL,
  `last_sign_in_at` datetime DEFAULT NULL,
  `current_sign_in_ip` varchar(255) DEFAULT NULL,
  `last_sign_in_ip` varchar(255) DEFAULT NULL,
  `outlet_id` int(11) DEFAULT NULL
) ENGINE=InnoDB DEFAULT CHARSET=latin1;

--
-- Dumping data for table `users`
--

INSERT INTO `users` (`user_id`, `role_id`, `position_id`, `user_username`, `user_name`, `user_address`, `user_phone`, `created_at`, `updated_at`, `email`, `encrypted_password`, `reset_password_token`, `reset_password_sent_at`, `remember_created_at`, `sign_in_count`, `current_sign_in_at`, `last_sign_in_at`, `current_sign_in_ip`, `last_sign_in_ip`, `outlet_id`) VALUES
(1, 1, 2, 'alkunjo', 'Alan Kuncoro Raharjo', 'Jalan Ubi 2 44A Wage Taman Sidoarjo', '085649728159', '2016-04-08 06:09:07', '2016-10-29 00:31:26', 'akr@akr.com', '$2a$10$hWheWNpc0qq6UceqVZjsw.jEjPWso5QmtWivlFrU5RUJ8W4mzHKJ6', NULL, NULL, NULL, 103, '2016-10-29 00:31:26', '2016-10-28 23:37:55', '127.0.0.1', '127.0.0.1', 1),
(2, 4, 5, 'subagio', 'subagio', 'Jalan Embong Sawo 45 Surabaya', '031 - 73628765', '2016-04-24 15:50:44', '2016-06-27 01:01:10', 'subagio@gmail.com', '$2a$10$9Puhlo21.BTs5SEFUFKV9OBPC8X1beKRzTPxXnoOzfX4mV1Rn/.a.', NULL, NULL, NULL, 13, '2016-06-27 01:01:10', '2016-06-20 17:24:32', '127.0.0.1', '127.0.0.1', 6),
(3, 4, 5, 'asdf1234', 'asdf1234', 'asdf1234', '081232134323', '2016-06-08 14:43:46', '2016-10-09 14:18:42', 'asdf1234@asdf.com', '$2a$10$W2phXBdR25srzPmdTWoQgOhwmC.E9bRnyKfPqf0Znz1M5NdNhMHP.', NULL, NULL, NULL, 46, '2016-10-09 14:18:42', '2016-10-09 14:09:21', '127.0.0.1', '127.0.0.1', 12),
(4, 4, 4, 'adhani', 'Ahmad Ramdhani', 'Jalan Trunojoyo 180 Madura', '085723451234', '2016-06-16 02:52:30', '2016-10-27 13:25:25', 'adhani.adhani@gmail.com', '$2a$10$Nwui0nmdgxPmKMuWLb5Bp.QJJ7qk42A4cT0EiogwGkk9iefCwEmtK', NULL, NULL, NULL, 6, '2016-10-27 13:25:25', '2016-06-16 17:16:28', '127.0.0.1', '127.0.0.1', 14),
(5, 3, 3, 'ulala', 'ulala', 'Jalan Rajasa 28 Surabaya', '083823123123', '2016-06-17 22:21:07', '2016-10-27 10:15:18', 'ulala@gmail.com', '$2a$10$RNiicVK/rY8MrdyGUN7C9eaKWE6R5CIZp/gIx0vai2QHufpvX2W9q', NULL, NULL, NULL, 12, '2016-10-27 10:15:18', '2016-10-20 21:01:51', '127.0.0.1', '127.0.0.1', 16),
(6, 3, 3, 'sundarisukoco', 'Sundari Sukoco', 'Jalan Megah Raya 20 Surabaya', '085723412345', '2016-06-20 10:05:51', '2016-06-30 12:02:58', 'sundari.sukoco@gmail.com', '$2a$10$E6TQaF5b7Tf5EnXuQoGIleUFOWm14CwGK.bCYCO3RLP2mFUMzmpja', NULL, NULL, NULL, 3, '2016-06-30 12:02:58', '2016-06-27 01:01:41', '127.0.0.1', '127.0.0.1', 6),
(7, 4, 5, 'lalau', 'lalau', 'Jalan Tuanku Imam Bonjol 25', '083123412345', '2016-07-19 18:20:11', '2016-10-14 08:50:07', 'lalau@kaef.com', '$2a$10$YM4kT5qdzxpsMaAJsF8r2u18dEEavW530kgvdZnB3eN.Qa3BtF/ke', NULL, NULL, NULL, 29, '2016-10-14 08:50:06', '2016-10-13 23:30:27', '127.0.0.1', '127.0.0.1', 16),
(8, 3, 3, 'suroto', 'Suroto', 'Jalan Taruna Kav. 5/32B Taman Sidoarjo', '082249283712', '2016-10-28 05:14:53', '2016-10-28 05:14:53', 'suroto@gmail.com', '$2a$10$LcD1lZKr9oRH.a3avGMpIuz59hr/2bF3qwMm4C1lKKBmkY3xpWieO', NULL, NULL, NULL, 0, NULL, NULL, NULL, NULL, 2),
(9, 4, 5, 'suratmi', 'Suratmi', 'Jalan Taruna Kav. 5/32B Taman Sidoarjo', '082135427462', '2016-10-28 05:15:50', '2016-10-28 05:15:50', 'suratmi@gmail.com', '$2a$10$gdD1PqvBlFeVpMRatnmXeeya.Dra82jMHmNa9CAkS.EJ913v/51o6', NULL, NULL, NULL, 0, NULL, NULL, NULL, NULL, 2),
(10, 4, 5, 'marwoto', 'Marwoto', 'Jalan Kutisari 55 Waru Sidoarjo', '0856473624567', '2016-10-28 05:17:30', '2016-10-28 05:17:30', 'marwoto@gmail.com', '$2a$10$8FSHdB8VbzxPbPmPDxa/ce72i3YXv0DLVGSpwCmhnm8Egjp4C5VB2', NULL, NULL, NULL, 0, NULL, NULL, NULL, NULL, 7);

--
-- Indexes for dumped tables
--

--
-- Indexes for table `activities`
--
ALTER TABLE `activities`
  ADD PRIMARY KEY (`id`),
  ADD KEY `index_activities_on_trackable_id_and_trackable_type` (`trackable_id`,`trackable_type`),
  ADD KEY `index_activities_on_owner_id_and_owner_type` (`owner_id`,`owner_type`),
  ADD KEY `index_activities_on_recipient_id_and_recipient_type` (`recipient_id`,`recipient_type`);

--
-- Indexes for table `dosages`
--
ALTER TABLE `dosages`
  ADD PRIMARY KEY (`dosage_id`);

--
-- Indexes for table `dtrans`
--
ALTER TABLE `dtrans`
  ADD PRIMARY KEY (`obat_id`,`transaksi_id`),
  ADD KEY `index_dtrans_on_obat_id` (`obat_id`),
  ADD KEY `index_dtrans_on_transaksi_id` (`transaksi_id`);

--
-- Indexes for table `generiks`
--
ALTER TABLE `generiks`
  ADD PRIMARY KEY (`generik_id`);

--
-- Indexes for table `grup_obats`
--
ALTER TABLE `grup_obats`
  ADD PRIMARY KEY (`gobat_id`);

--
-- Indexes for table `kategori_obats`
--
ALTER TABLE `kategori_obats`
  ADD PRIMARY KEY (`kobat_id`);

--
-- Indexes for table `kemasans`
--
ALTER TABLE `kemasans`
  ADD PRIMARY KEY (`kemasan_id`);

--
-- Indexes for table `krediturs`
--
ALTER TABLE `krediturs`
  ADD PRIMARY KEY (`kreditur_id`);

--
-- Indexes for table `kreditur_pabriks`
--
ALTER TABLE `kreditur_pabriks`
  ADD PRIMARY KEY (`kreditur_id`,`pabrik_id`),
  ADD KEY `index_kreditur_pabriks_on_kreditur_id` (`kreditur_id`),
  ADD KEY `index_kreditur_pabriks_on_pabrik_id` (`pabrik_id`);

--
-- Indexes for table `obats`
--
ALTER TABLE `obats`
  ADD PRIMARY KEY (`obat_id`),
  ADD KEY `index_obats_on_grup_obat_id` (`grup_obat_id`),
  ADD KEY `index_obats_on_generik_id` (`generik_id`),
  ADD KEY `index_obats_on_dosage_id` (`dosage_id`),
  ADD KEY `index_obats_on_racik_id` (`racik_id`),
  ADD KEY `index_obats_on_kategori_obat_id` (`kategori_obat_id`),
  ADD KEY `index_obats_on_kemasan_id` (`kemasan_id`),
  ADD KEY `index_obats_on_pabrik_id` (`pabrik_id`);

--
-- Indexes for table `outlets`
--
ALTER TABLE `outlets`
  ADD PRIMARY KEY (`outlet_id`),
  ADD KEY `index_outlets_on_outlet_type_id` (`outlet_type_id`);

--
-- Indexes for table `outlet_types`
--
ALTER TABLE `outlet_types`
  ADD PRIMARY KEY (`otype_id`);

--
-- Indexes for table `pabriks`
--
ALTER TABLE `pabriks`
  ADD PRIMARY KEY (`pabrik_id`);

--
-- Indexes for table `positions`
--
ALTER TABLE `positions`
  ADD PRIMARY KEY (`position_id`);

--
-- Indexes for table `raciks`
--
ALTER TABLE `raciks`
  ADD PRIMARY KEY (`racik_id`);

--
-- Indexes for table `roles`
--
ALTER TABLE `roles`
  ADD PRIMARY KEY (`role_id`);

--
-- Indexes for table `schema_migrations`
--
ALTER TABLE `schema_migrations`
  ADD UNIQUE KEY `unique_schema_migrations` (`version`);

--
-- Indexes for table `stocks`
--
ALTER TABLE `stocks`
  ADD PRIMARY KEY (`stock_id`),
  ADD KEY `index_stocks_on_outlet_id` (`outlet_id`),
  ADD KEY `index_stocks_on_obat_id` (`obat_id`);

--
-- Indexes for table `transaksis`
--
ALTER TABLE `transaksis`
  ADD PRIMARY KEY (`transaksi_id`),
  ADD KEY `index_transaksis_on_sender_id` (`sender_id`),
  ADD KEY `index_transaksis_on_receiver_id` (`receiver_id`);

--
-- Indexes for table `users`
--
ALTER TABLE `users`
  ADD PRIMARY KEY (`user_id`),
  ADD UNIQUE KEY `index_users_on_email` (`email`),
  ADD UNIQUE KEY `index_users_on_reset_password_token` (`reset_password_token`),
  ADD KEY `index_users_on_role_id` (`role_id`),
  ADD KEY `index_users_on_position_id` (`position_id`),
  ADD KEY `index_users_on_outlet_id` (`outlet_id`);

--
-- AUTO_INCREMENT for dumped tables
--

--
-- AUTO_INCREMENT for table `activities`
--
ALTER TABLE `activities`
  MODIFY `id` int(11) NOT NULL AUTO_INCREMENT, AUTO_INCREMENT=16;
--
-- AUTO_INCREMENT for table `dosages`
--
ALTER TABLE `dosages`
  MODIFY `dosage_id` int(11) NOT NULL AUTO_INCREMENT, AUTO_INCREMENT=39;
--
-- AUTO_INCREMENT for table `generiks`
--
ALTER TABLE `generiks`
  MODIFY `generik_id` int(11) NOT NULL AUTO_INCREMENT, AUTO_INCREMENT=211;
--
-- AUTO_INCREMENT for table `grup_obats`
--
ALTER TABLE `grup_obats`
  MODIFY `gobat_id` int(11) NOT NULL AUTO_INCREMENT, AUTO_INCREMENT=11;
--
-- AUTO_INCREMENT for table `kategori_obats`
--
ALTER TABLE `kategori_obats`
  MODIFY `kobat_id` int(11) NOT NULL AUTO_INCREMENT, AUTO_INCREMENT=134;
--
-- AUTO_INCREMENT for table `kemasans`
--
ALTER TABLE `kemasans`
  MODIFY `kemasan_id` int(11) NOT NULL AUTO_INCREMENT, AUTO_INCREMENT=14;
--
-- AUTO_INCREMENT for table `krediturs`
--
ALTER TABLE `krediturs`
  MODIFY `kreditur_id` int(11) NOT NULL AUTO_INCREMENT, AUTO_INCREMENT=260;
--
-- AUTO_INCREMENT for table `obats`
--
ALTER TABLE `obats`
  MODIFY `obat_id` int(11) NOT NULL AUTO_INCREMENT, AUTO_INCREMENT=8;
--
-- AUTO_INCREMENT for table `outlets`
--
ALTER TABLE `outlets`
  MODIFY `outlet_id` int(11) NOT NULL AUTO_INCREMENT, AUTO_INCREMENT=27;
--
-- AUTO_INCREMENT for table `outlet_types`
--
ALTER TABLE `outlet_types`
  MODIFY `otype_id` int(11) NOT NULL AUTO_INCREMENT, AUTO_INCREMENT=4;
--
-- AUTO_INCREMENT for table `pabriks`
--
ALTER TABLE `pabriks`
  MODIFY `pabrik_id` int(11) NOT NULL AUTO_INCREMENT, AUTO_INCREMENT=11;
--
-- AUTO_INCREMENT for table `positions`
--
ALTER TABLE `positions`
  MODIFY `position_id` int(11) NOT NULL AUTO_INCREMENT, AUTO_INCREMENT=6;
--
-- AUTO_INCREMENT for table `raciks`
--
ALTER TABLE `raciks`
  MODIFY `racik_id` int(11) NOT NULL AUTO_INCREMENT, AUTO_INCREMENT=8;
--
-- AUTO_INCREMENT for table `roles`
--
ALTER TABLE `roles`
  MODIFY `role_id` int(11) NOT NULL AUTO_INCREMENT, AUTO_INCREMENT=6;
--
-- AUTO_INCREMENT for table `stocks`
--
ALTER TABLE `stocks`
  MODIFY `stock_id` int(11) NOT NULL AUTO_INCREMENT, AUTO_INCREMENT=183;
--
-- AUTO_INCREMENT for table `transaksis`
--
ALTER TABLE `transaksis`
  MODIFY `transaksi_id` int(11) NOT NULL AUTO_INCREMENT, AUTO_INCREMENT=5;
--
-- AUTO_INCREMENT for table `users`
--
ALTER TABLE `users`
  MODIFY `user_id` int(11) NOT NULL AUTO_INCREMENT, AUTO_INCREMENT=11;
--
-- Constraints for dumped tables
--

--
-- Constraints for table `dtrans`
--
ALTER TABLE `dtrans`
  ADD CONSTRAINT `fk_rails_d6cbb1c363` FOREIGN KEY (`transaksi_id`) REFERENCES `transaksis` (`transaksi_id`),
  ADD CONSTRAINT `fk_rails_ea342a4d0e` FOREIGN KEY (`obat_id`) REFERENCES `obats` (`obat_id`);

--
-- Constraints for table `kreditur_pabriks`
--
ALTER TABLE `kreditur_pabriks`
  ADD CONSTRAINT `fk_rails_2efa596268` FOREIGN KEY (`kreditur_id`) REFERENCES `krediturs` (`kreditur_id`),
  ADD CONSTRAINT `fk_rails_7bef712a43` FOREIGN KEY (`pabrik_id`) REFERENCES `pabriks` (`pabrik_id`);

--
-- Constraints for table `obats`
--
ALTER TABLE `obats`
  ADD CONSTRAINT `fk_rails_195758b3bb` FOREIGN KEY (`generik_id`) REFERENCES `generiks` (`generik_id`),
  ADD CONSTRAINT `fk_rails_4854e80013` FOREIGN KEY (`kemasan_id`) REFERENCES `kemasans` (`kemasan_id`),
  ADD CONSTRAINT `fk_rails_48897879d0` FOREIGN KEY (`grup_obat_id`) REFERENCES `grup_obats` (`gobat_id`),
  ADD CONSTRAINT `fk_rails_5532bd4e39` FOREIGN KEY (`kategori_obat_id`) REFERENCES `kategori_obats` (`kobat_id`),
  ADD CONSTRAINT `fk_rails_5c05c3dc1d` FOREIGN KEY (`pabrik_id`) REFERENCES `pabriks` (`pabrik_id`),
  ADD CONSTRAINT `fk_rails_b63ccb7a98` FOREIGN KEY (`dosage_id`) REFERENCES `dosages` (`dosage_id`),
  ADD CONSTRAINT `fk_rails_de77a5cd22` FOREIGN KEY (`racik_id`) REFERENCES `raciks` (`racik_id`);

--
-- Constraints for table `outlets`
--
ALTER TABLE `outlets`
  ADD CONSTRAINT `fk_rails_426f13a8fd` FOREIGN KEY (`outlet_type_id`) REFERENCES `outlet_types` (`otype_id`);

--
-- Constraints for table `stocks`
--
ALTER TABLE `stocks`
  ADD CONSTRAINT `fk_rails_2bc4d4b886` FOREIGN KEY (`outlet_id`) REFERENCES `outlets` (`outlet_id`),
  ADD CONSTRAINT `fk_rails_981f15dbae` FOREIGN KEY (`obat_id`) REFERENCES `obats` (`obat_id`);

--
-- Constraints for table `users`
--
ALTER TABLE `users`
  ADD CONSTRAINT `fk_rails_2d26d9377b` FOREIGN KEY (`position_id`) REFERENCES `positions` (`position_id`),
  ADD CONSTRAINT `fk_rails_2ed44fdefe` FOREIGN KEY (`outlet_id`) REFERENCES `outlets` (`outlet_id`),
  ADD CONSTRAINT `fk_rails_642f17018b` FOREIGN KEY (`role_id`) REFERENCES `roles` (`role_id`);

/*!40101 SET CHARACTER_SET_CLIENT=@OLD_CHARACTER_SET_CLIENT */;
/*!40101 SET CHARACTER_SET_RESULTS=@OLD_CHARACTER_SET_RESULTS */;
/*!40101 SET COLLATION_CONNECTION=@OLD_COLLATION_CONNECTION */;
